-- phpMyAdmin SQL Dump
-- version 5.1.1
-- https://www.phpmyadmin.net/
--
-- Host: 127.0.0.1
-- Generation Time: Aug 18, 2022 at 07:27 PM
-- Server version: 10.5.12-MariaDB-cll-lve
-- PHP Version: 7.2.34

SET SQL_MODE = "NO_AUTO_VALUE_ON_ZERO";
START TRANSACTION;
SET time_zone = "+00:00";


/*!40101 SET @OLD_CHARACTER_SET_CLIENT=@@CHARACTER_SET_CLIENT */;
/*!40101 SET @OLD_CHARACTER_SET_RESULTS=@@CHARACTER_SET_RESULTS */;
/*!40101 SET @OLD_COLLATION_CONNECTION=@@COLLATION_CONNECTION */;
/*!40101 SET NAMES utf8mb4 */;

--
-- Database: `u791772153_wahm_eal`
--

-- --------------------------------------------------------

--
-- Table structure for table `admin`
--

CREATE TABLE `admin` (
  `id` int(100) NOT NULL,
  `name` varchar(100) NOT NULL,
  `email` varchar(100) NOT NULL,
  `password` varchar(100) NOT NULL
) ENGINE=InnoDB DEFAULT CHARSET=utf8mb4;

--
-- Dumping data for table `admin`
--

INSERT INTO `admin` (`id`, `name`, `email`, `password`) VALUES
(1, 'Admin', 'niharika@admin.com', '0e7517141fb53f21ee439b355b5a1d0a');

-- --------------------------------------------------------

--
-- Table structure for table `customers`
--

CREATE TABLE `customers` (
  `id` int(11) NOT NULL,
  `fullname` varchar(100) NOT NULL,
  `email` varchar(100) NOT NULL,
  `phone` varchar(100) NOT NULL,
  `password` varchar(100) NOT NULL,
  `lat` varchar(100) NOT NULL DEFAULT '',
  `lng` varchar(100) NOT NULL DEFAULT '',
  `city` varchar(45) DEFAULT NULL,
  `pin` int(100) DEFAULT NULL,
  `address` text DEFAULT NULL,
  `created_by` varchar(11) NOT NULL DEFAULT 'SELF',
  `created_at` datetime NOT NULL DEFAULT current_timestamp(),
  `is_active` int(2) NOT NULL DEFAULT 0,
  `active_otp` int(10) NOT NULL DEFAULT 1234,
  `is_available` int(2) NOT NULL DEFAULT 1,
  `is_deleted` int(2) NOT NULL DEFAULT 0
) ENGINE=InnoDB DEFAULT CHARSET=utf8mb4;

--
-- Dumping data for table `customers`
--

INSERT INTO `customers` (`id`, `fullname`, `email`, `phone`, `password`, `lat`, `lng`, `city`, `pin`, `address`, `created_by`, `created_at`, `is_active`, `active_otp`, `is_available`, `is_deleted`) VALUES
(3, 'Dummy Customer 1', 'customer@customer.com', '9093924535', '8dd43ae0638e1ce2690e2e3cfa653923', '20.2930412', '85.8178939', 'Bhubaneswar', 751013, 'Bhubaneswar, Bhubaneswar', 'MOD_ADMIN', '2021-08-08 19:07:12', 1, 1234, 1, 0),
(4, 'Amaresh Parida', 'amresh.hackerak@gmail.com', '6294915441', '8dd43ae0638e1ce2690e2e3cfa653923', '20.2981089', '85.8226302', NULL, NULL, 'BBSR', 'SELF', '2021-12-13 19:17:46', 0, 1234, 1, 0),
(5, 'Satyajit Mohanty', 'satyasweb1999@gmail.com', '8249529220', 'c32bc40afabb670e5bb2a4d65d639248', '20.35886649800207', '85.90017254643422', NULL, NULL, NULL, 'SELF', '2021-12-16 17:49:47', 1, 1234, 1, 0),
(6, 'Neharika Bhalse', 'neharikabhalse@gmail.com', '7024928481', '498f7e36db7080e21c7470b40c7c9925', '23.193328', '77.4333886', NULL, NULL, NULL, 'SELF', '2021-12-17 06:12:29', 1, 1234, 1, 0),
(7, '', '', '7024928481', '498f7e36db7080e21c7470b40c7c9925', '', '', NULL, NULL, NULL, 'SELF', '2021-12-17 06:12:39', 1, 1234, 1, 1),
(8, 'Suryakanta sahoo', 'ksardaji@gmail.com', '7008248562', 'f91d6a2cef1d26578fd9da0d1d116cd7', '20.3485547', '85.8270712', NULL, NULL, NULL, 'SELF', '2021-12-17 11:36:37', 1, 1234, 1, 0),
(9, 'Kunmun sahoo', 'kunmun123@gmail.com', '7008248562', 'f91d6a2cef1d26578fd9da0d1d116cd7', '20.3486462', '85.8272284', NULL, NULL, 'Koel campus', 'SELF', '2021-12-23 16:59:45', 1, 1234, 1, 0),
(10, 'Rakesh sahoo', 'sahoorakeshkumar60@gmail.com', '', '25d9da3cf48a1b7730171fb1793c1e36', '21.1592939', '86.0770127', NULL, NULL, NULL, 'SELF', '2022-01-02 04:30:15', 1, 1234, 1, 0),
(11, 'Rakesh sahoo', 'sahoorakeshkumar60@gmail.com', '', '25d9da3cf48a1b7730171fb1793c1e36', '21.1592939', '86.0770127', NULL, NULL, NULL, 'SELF', '2022-01-02 04:30:30', 1, 1234, 1, 0),
(12, '', '', '', '25d9da3cf48a1b7730171fb1793c1e36', '', '', NULL, NULL, NULL, 'SELF', '2022-01-02 04:30:36', 1, 1234, 1, 1),
(13, 'Bitu', 'rskrishna56@gmail.com', '', '20ef98386086d0c34e5750264314c72f', '21.9337575', '86.7303257', NULL, NULL, NULL, 'SELF', '2022-01-14 13:44:15', 1, 1234, 1, 0),
(14, 'Kunmun', 'kunmun@gmail.com', '7008248562', 'f91d6a2cef1d26578fd9da0d1d116cd7', '20.3485345', '85.827018', NULL, NULL, 'Nsjdjd', 'SELF', '2022-01-14 17:23:49', 1, 1234, 1, 0),
(15, 'Suryakanta sahoo', 'ksardaji@gmail.com', '7008248562', '1dcd3c1ad23a29302e4346ade2b1da75', '20.3485547', '85.8270712', NULL, NULL, NULL, 'SELF', '2022-03-29 20:01:22', 1, 1234, 1, 0),
(16, 'Mohit', 'mohitds96@gmail.com', '7008496687', '4b2aee97b83b39dd44d9be1041e06a83', '20.3486039', '85.8270123', NULL, NULL, NULL, 'SELF', '2022-04-12 03:16:26', 1, 1234, 1, 0),
(17, 'Mohit Das', 'mohitds96@gmail.com', '7008496687', '827ccb0eea8a706c4c34a16891f84e7b', '20.3486039', '85.8270123', NULL, NULL, NULL, 'SELF', '2022-04-12 03:17:53', 1, 1234, 1, 0),
(18, 'The Rana', 'ranatattwadarshi@gmail.com', '7978768014', '1ebd63d59c18c82f2af594fa48dd504a', '20.291881633015954', '85.82404926463806', NULL, NULL, NULL, 'SELF', '2022-04-14 14:17:58', 1, 1234, 1, 0),
(19, '', '', '7978768014', '1ebd63d59c18c82f2af594fa48dd504a', '', '', NULL, NULL, NULL, 'SELF', '2022-04-14 14:18:17', 1, 1234, 1, 0),
(20, 'Krishna', 'rskrishna56@gmail.com', '7978350586', '20ef98386086d0c34e5750264314c72f', '21.9337575', '86.7303257', NULL, NULL, NULL, 'SELF', '2022-04-19 12:32:27', 1, 1234, 1, 0),
(21, '', '', '7978350586', '20ef98386086d0c34e5750264314c72f', '', '', NULL, NULL, NULL, 'SELF', '2022-04-19 12:32:36', 1, 1234, 1, 0),
(22, 'Suryakanta', 'kunmun123@gmail.com', '7008248562', '3ff7bb0cea47ca3c8388a27e5cf8bb2b', '20.3486462', '85.8272284', NULL, NULL, NULL, 'SELF', '2022-04-19 12:37:56', 1, 1234, 1, 0),
(24, 'Mohit Kumar Das', 'mohitds69@gmail.com', '9853168555', '24b5943771b365841bdb9862f8ad722e', '20.3485752', '85.8269971', NULL, NULL, NULL, 'SELF', '2022-05-22 04:04:41', 1, 1234, 1, 0),
(25, 'Suryakanta sahoo', 'suryakantasahoo.012@gmail.com', '7008248539', '23daacbba9a70f9ab4cfa20767064a08', '20.3485583', '85.8270614', NULL, NULL, NULL, 'SELF', '2022-07-11 16:53:24', 1, 1234, 1, 0),
(26, 'Satyam Kahali', 'satyamkahali96@gmail.com', '7008628807', '09202632021ee3921dc6d6cf711b89ab', '', '', NULL, NULL, NULL, 'SELF', '2022-08-11 19:17:38', 1, 1234, 1, 0),
(27, 'Suryakanta sahoo', 'sks@gmail.com', '7008248563', '23daacbba9a70f9ab4cfa20767064a08', '20.348552759331763', '85.82710003322374', NULL, NULL, NULL, 'SELF', '2022-08-11 21:04:04', 1, 1234, 1, 0),
(28, 'Suprava sahoo', 'supravasahoo.06@gmail.com', '7008248538', 'd6a6e3cc2eedc3bec6210490a3196ecc', '', '', NULL, NULL, NULL, 'SELF', '2022-08-12 04:40:14', 1, 1234, 1, 0),
(29, 'Subhashish panda', 'subhashishpanda450@gmail.com', '8260881997', '6c40e8e14d24f4cb219efb1e2b239404', '', '', NULL, NULL, NULL, 'SELF', '2022-08-15 16:47:12', 1, 1234, 1, 0);

-- --------------------------------------------------------

--
-- Table structure for table `food_images`
--

CREATE TABLE `food_images` (
  `id` int(100) NOT NULL,
  `food_id` int(100) NOT NULL,
  `food_img` varchar(200) NOT NULL,
  `upload_on` datetime NOT NULL DEFAULT current_timestamp()
) ENGINE=InnoDB DEFAULT CHARSET=utf8mb4;

--
-- Dumping data for table `food_images`
--

INSERT INTO `food_images` (`id`, `food_id`, `food_img`, `upload_on`) VALUES
(3, 0, 'c50d2844ba5098355daa09a19362e7b404e2abb5-TM_STUDIO CAM 399-99.jpg', '2021-08-08 18:20:52'),
(4, 0, 'e8f7a96be4194aa3721d6833269dfe02d2f7a47a-TM_STUDIO CAM 399-99.jpg', '2021-08-08 18:37:59'),
(8, 4, '6a9ca845e5be954e0127bdcc7680cac1addc47e6-TM_STUDIO CAM 399-99.jpg', '2021-08-08 18:43:02'),
(9, 4, '6a9ca845e5be954e0127bdcc7680cac1addc47e6-New Project - 2021-08-08T080631.727.png', '2021-08-08 18:43:02'),
(11, 8, '70c9a2e72a42599ed3771c7b257da79e6ae1b14d-94094384_1659432224195037_6359636466930286592_n.jpg', '2021-08-14 06:06:35'),
(12, 9, 'd8b6c0cdca15f8b7033abae2e86c6c2760fe7cff-94094384_1659432224195037_6359636466930286592_n.jpg', '2021-08-14 06:10:30'),
(13, 10, 'c9cea8d8cdafc54bc855886616dc625f4b60914c-94094384_1659432224195037_6359636466930286592_n.jpg', '2021-08-14 06:11:46'),
(14, 11, '9e43294ccce3ba5cf7ee548f2c68f644a9558f8f-94094384_1659432224195037_6359636466930286592_n.jpg', '2021-08-14 06:13:05'),
(15, 12, '4dd6a78640e863b2a56d625c8f87234cb40f4e80-94094384_1659432224195037_6359636466930286592_n.jpg', '2021-08-14 06:17:55'),
(16, 13, '09f1fb0f53f7bd477653bb6d5a31f87c591d3d86-94094384_1659432224195037_6359636466930286592_n.jpg', '2021-08-14 06:20:55'),
(17, 14, '46efc226398e9297929788b4c4629d620751b6fd-94094384_1659432224195037_6359636466930286592_n.jpg', '2021-08-14 06:22:46'),
(18, 15, '25165490b10d2e192996fa3d797701fc0a021f69-94094384_1659432224195037_6359636466930286592_n.jpg', '2021-08-14 06:24:02'),
(19, 16, '99a59672461b611f444c1409352a1f2ce2a890d1-94094384_1659432224195037_6359636466930286592_n.jpg', '2021-08-14 06:28:21'),
(20, 17, '0fdf15db4271c9f6668b859806e0b471cf4ffe0b-94094384_1659432224195037_6359636466930286592_n.jpg', '2021-08-14 06:30:31'),
(21, 18, 'e2a42aff76b71ed01cb579153b00018381cec06f-94094384_1659432224195037_6359636466930286592_n.jpg', '2021-08-14 06:31:46'),
(22, 19, 'f7e62ad4cd4a125a0dab6241b3b2cc4b2c56a0b6-94094384_1659432224195037_6359636466930286592_n.jpg', '2021-08-14 06:32:28'),
(23, 20, '2bfa9c0a2e932ef16131df20eab68985039f5e0d-94094384_1659432224195037_6359636466930286592_n.jpg', '2021-08-14 06:33:54'),
(24, 21, '4484c70cf831efd507b8aced6392aa639808dd75-94094384_1659432224195037_6359636466930286592_n.jpg', '2021-08-14 06:34:51'),
(25, 22, '3be009153ebb3ce5f3ac95e464890d244f3d81f4-94094384_1659432224195037_6359636466930286592_n.jpg', '2021-08-14 06:36:30'),
(26, 23, '8d934b786ccf4273d8547cca36a02c0c5ef76345-94094384_1659432224195037_6359636466930286592_n.jpg', '2021-08-14 06:37:21'),
(27, 24, '3c217c0331a5244aea4891ba6a21b2d756366ade-94094384_1659432224195037_6359636466930286592_n.jpg', '2021-08-14 06:39:06'),
(28, 25, 'a132606ee6342f78a1037bad124f8cdc1373795a-94094384_1659432224195037_6359636466930286592_n.jpg', '2021-08-14 06:39:56'),
(29, 26, '80bf627a70948b6d75f576982eb9138f50e45f55-94094384_1659432224195037_6359636466930286592_n.jpg', '2021-08-14 06:40:44'),
(30, 27, '27488a56a735ca97d4cdf297412c252634602a06-94094384_1659432224195037_6359636466930286592_n.jpg', '2021-08-14 06:43:01'),
(31, 28, '6e728ff7c07ff5caf88b6a8700f349e4ac678671-94094384_1659432224195037_6359636466930286592_n.jpg', '2021-08-14 06:43:35'),
(32, 29, 'd02cd905c91c4c5c4d67eac6ab130f1299ae7271-94094384_1659432224195037_6359636466930286592_n.jpg', '2021-08-14 06:44:32'),
(33, 30, '159eeb3e558b072bdae77d27f6d52dd72d5a9504-94094384_1659432224195037_6359636466930286592_n.jpg', '2021-08-14 06:45:18'),
(34, 31, '86b711b6b0dbdab1a1822bc29ef3b8d3a7b4f525-94094384_1659432224195037_6359636466930286592_n.jpg', '2021-08-14 06:46:10'),
(35, 32, '3a6e6346172182de359b635ce62829e18568dc1f-94094384_1659432224195037_6359636466930286592_n.jpg', '2021-08-14 06:46:56'),
(36, 33, 'df43ff6c15930b99b7bf567469d468a8a3675d5a-94094384_1659432224195037_6359636466930286592_n.jpg', '2021-08-14 06:54:36'),
(37, 34, '5e38a6b79a5e189a74a5bb3464df63141f97b4df-60085552.jpg', '2021-08-14 07:57:39'),
(39, 36, 'test.jpg', '2021-09-15 16:41:23'),
(40, 37, '62ed11c006588c3951b250416a110e1687cafe39-cover.png', '2021-10-01 05:13:18'),
(41, 38, '1a521f42e279fd1d0766b99724b33fc9dc733986-download.jpeg', '2021-12-13 06:43:35'),
(42, 38, '1a521f42e279fd1d0766b99724b33fc9dc733986-Dosa-recipe-plain-sada-dosa-Piping-Pot-Curry.jpg', '2021-12-13 06:43:35'),
(43, 35, '9f788bfc05fbf7d624137b635dbad13c17c0307d-download (1).jpeg', '2021-12-13 06:45:20'),
(44, 35, 'ec1a3de8c0e63507e3160aa8714c69ff7bd94385-download.jpeg', '2021-12-13 12:03:16'),
(45, 39, '7e771d2bd253e8f35bcb5be8f88b2fc426638f12-Photos-new-icon.png', '2021-12-13 12:49:55'),
(46, 40, 'a9d7eff5ce104a60994990726f3eb1eb94fa1434-rlaAxNqyo.png', '2021-12-13 12:50:22'),
(47, 41, '53bbc3c41f7ea87502637eb1874582642028dc83-New Project (4).png', '2022-03-15 11:58:04'),
(48, 43, '1282cd1bb48b7dd1220966180418b245ad2a115c-words.png', '2022-03-15 12:02:57'),
(49, 44, 'b27b2efe663996de1d9bb7888dd5f5b6915e18ce-chicken.jpg', '2022-04-02 05:46:39'),
(50, 45, 'b7abdbe3863cbc143b37a9fee4e4ff7b780f35dc-download.jpg', '2022-04-02 05:49:40'),
(51, 46, '1785eb1f79609bf12b40324c6eefa65075a47b17-download.jpg', '2022-04-02 06:39:21'),
(52, 47, '3a140befbce756cabc22cb1a7595688bac192fc6-chicken.jpg', '2022-04-12 18:22:54'),
(53, 48, 'f9a751d7fcc4fdd407d6d7e9726c6121a2bd2d7d-preview.jpg', '2022-04-12 18:24:50'),
(54, 49, '421f1af05e04176415166e11897079f9fd82b814-chicken.jpg', '2022-05-18 18:02:54'),
(55, 50, '7384d6cbfffdc93e8701f30af24dd99874f66fe8-download.jpg', '2022-05-18 18:03:54'),
(56, 51, 'aaa751c4b8ac34f2671941209e274d4e72e45433-preview.jpg', '2022-05-18 18:04:55'),
(57, 52, '43539e61b8a38bac51eeb997fcbb1d1654fb9ffb-chicken.jpg', '2022-05-18 18:05:17');

-- --------------------------------------------------------

--
-- Table structure for table `food_items`
--

CREATE TABLE `food_items` (
  `id` int(100) NOT NULL,
  `food_name` varchar(100) NOT NULL,
  `vendor_id` int(100) NOT NULL,
  `food_type` int(3) NOT NULL,
  `serve_time` int(3) NOT NULL,
  `food_details` text NOT NULL,
  `food_price` double NOT NULL,
  `created_on` datetime NOT NULL DEFAULT current_timestamp(),
  `created_by` varchar(100) NOT NULL DEFAULT 'SELF',
  `modified_on` datetime NOT NULL DEFAULT current_timestamp() ON UPDATE current_timestamp(),
  `modified_by` varchar(100) NOT NULL DEFAULT 'SELF',
  `is_deleted` int(2) NOT NULL DEFAULT 0,
  `is_available` int(2) NOT NULL DEFAULT 1
) ENGINE=InnoDB DEFAULT CHARSET=utf8mb4;

--
-- Dumping data for table `food_items`
--

INSERT INTO `food_items` (`id`, `food_name`, `vendor_id`, `food_type`, `serve_time`, `food_details`, `food_price`, `created_on`, `created_by`, `modified_on`, `modified_by`, `is_deleted`, `is_available`) VALUES
(4, 'Demo Food', 2, 2, 2, 'Tasty', 100, '2021-08-08 16:00:05', 'ADMIN', '2021-09-15 16:41:42', 'ADMIN', 1, 1),
(8, 'Pizza', 2, 1, 3, 'tasty Pizza', 250, '2021-08-14 06:06:35', 'ADMIN', '2021-08-14 06:51:18', 'ADMIN', 1, 1),
(9, 'Burger', 2, 2, 3, 'chmgtfutfuykf', 150, '2021-08-14 06:10:30', 'ADMIN', '2021-09-15 16:41:40', 'ADMIN', 1, 1),
(10, 'Veg Thali', 2, 1, 3, 'hujlgyujhb', 160, '2021-08-14 06:11:46', 'ADMIN', '2021-09-15 16:41:44', 'ADMIN', 1, 1),
(11, 'Non veg Thali', 2, 2, 3, 'Non-veg thali', 280, '2021-08-14 06:13:05', 'ADMIN', '2021-09-15 16:41:47', 'ADMIN', 1, 1),
(12, 'Mutton Shorma, 4Chapati', 2, 2, 3, 'Mutton Curry', 350, '2021-08-14 06:17:55', 'ADMIN', '2021-09-15 16:41:49', 'ADMIN', 1, 1),
(13, 'Chicken Curry,4 Chapati', 2, 2, 3, 'dgrfyjfhg', 280, '2021-08-14 06:20:55', 'ADMIN', '2021-09-15 16:41:56', 'ADMIN', 1, 1),
(14, 'Butter Paneer, 4roti, Rice', 2, 1, 3, 'thtrjdngdx', 200, '2021-08-14 06:22:46', 'ADMIN', '2021-09-15 16:41:58', 'ADMIN', 1, 1),
(15, 'Idli Sambar', 2, 1, 1, 'trfhegzdbsx', 70, '2021-08-14 06:24:02', 'ADMIN', '2021-09-15 16:42:03', 'ADMIN', 1, 1),
(16, 'Cheese Sandwich', 2, 1, 1, 'gjk,jmhgfbvdcs', 50, '2021-08-14 06:28:21', 'ADMIN', '2021-09-15 16:42:05', 'ADMIN', 1, 1),
(17, 'Uttapam', 2, 1, 1, 'defgthuj', 60, '2021-08-14 06:30:31', 'ADMIN', '2021-09-15 16:42:07', 'ADMIN', 1, 1),
(18, 'Vegetable Maggi', 2, 1, 1, 'kiuhjgfd', 50, '2021-08-14 06:31:46', 'ADMIN', '2021-08-14 06:50:32', 'ADMIN', 1, 1),
(19, 'Aloo Paratha', 2, 1, 1, 'kjhgfdsfhj', 40, '2021-08-14 06:32:28', 'ADMIN', '2021-09-15 16:42:10', 'ADMIN', 1, 1),
(20, 'Boil Egg', 2, 2, 1, 'pk;ljhgf', 20, '2021-08-14 06:33:54', 'ADMIN', '2021-09-15 16:41:54', 'ADMIN', 1, 1),
(21, 'Omelette', 2, 2, 1, 'oklijuytrfgh', 25, '2021-08-14 06:34:51', 'ADMIN', '2021-09-15 16:42:12', 'ADMIN', 1, 1),
(22, 'Fresh Fruit Plate', 2, 1, 1, 'juhsefgrthj', 110, '2021-08-14 06:36:30', 'ADMIN', '2021-09-15 16:42:15', 'ADMIN', 1, 1),
(23, 'Dal Khichdi', 2, 1, 2, 'kjhgfdsfgh', 80, '2021-08-14 06:37:21', 'ADMIN', '2021-09-15 16:42:18', 'ADMIN', 1, 1),
(24, 'Rajma,RIce', 2, 1, 2, 'jhgfdsdfghj', 100, '2021-08-14 06:39:06', 'ADMIN', '2021-09-15 16:42:22', 'ADMIN', 1, 1),
(25, 'Chicken Biryani', 2, 2, 2, 'kjhgfdstrfyu', 150, '2021-08-14 06:39:56', 'ADMIN', '2021-09-15 16:42:25', 'ADMIN', 1, 1),
(26, 'Mutton Biiryani', 2, 2, 2, 'efrgthyju', 230, '2021-08-14 06:40:44', 'ADMIN', '2021-08-14 06:52:55', 'ADMIN', 1, 1),
(27, 'Veg THali', 2, 1, 2, 'kjhgf', 120, '2021-08-14 06:43:01', 'ADMIN', '2021-09-15 16:42:27', 'ADMIN', 1, 1),
(28, 'Non veg Thali', 2, 2, 2, 'jhbgftrdftgyh', 200, '2021-08-14 06:43:35', 'ADMIN', '2021-09-15 16:42:29', 'ADMIN', 1, 1),
(29, 'Fish Curry,4roti,Rice', 2, 2, 2, 'dfrgthyj', 260, '2021-08-14 06:44:32', 'ADMIN', '2021-09-15 16:42:32', 'ADMIN', 1, 1),
(30, 'Noodels', 2, 1, 2, 'ukjyhgtrf', 80, '2021-08-14 06:45:18', 'ADMIN', '2021-08-14 06:52:01', 'ADMIN', 1, 1),
(31, 'Dosa', 2, 1, 2, 'fegthjugf', 70, '2021-08-14 06:46:10', 'ADMIN', '2021-08-14 06:51:15', 'ADMIN', 1, 1),
(32, 'Veg Biryani', 2, 1, 2, 'dsfghfvdc', 120, '2021-08-14 06:46:56', 'ADMIN', '2021-08-14 06:52:26', 'ADMIN', 1, 1),
(33, 'Chicken Curry,4 Chapati', 2, 2, 3, 'sdrtfyui', 250, '2021-08-14 06:54:36', 'ADMIN', '2021-09-15 16:42:34', 'ADMIN', 1, 1),
(34, 'Butter Chicken with Mudhi', 3, 2, 2, 'sdsdsdsdssd', 120, '2021-08-14 07:57:39', 'ADMIN', '2021-08-14 07:57:39', 'ADMIN', 0, 1),
(35, 'Biriyani', 4, 2, 2, 'Hydrabadi special biriyani', 250, '2021-09-15 16:37:16', 'ADMIN', '2021-12-13 06:45:20', 'ADMIN', 0, 1),
(36, 'Butter Chicken with Paratha and Chutney', 4, 2, 3, 'Butter Chicken with Paratha and Chutney', 250, '2021-09-15 16:41:23', 'ADMIN', '2021-12-13 06:44:04', 'ADMIN', 0, 1),
(37, 'Sandwich', 5, 1, 1, 'Veg sandwich with fresh vegetabls', 30, '2021-10-01 05:13:18', 'ADMIN', '2021-10-01 05:13:18', 'ADMIN', 0, 1),
(38, 'Dosa', 4, 1, 1, 'South Indian special dosa', 50, '2021-12-13 06:43:35', 'ADMIN', '2021-12-13 06:43:35', 'ADMIN', 0, 1),
(39, 'Demo Food Lunch', 5, 1, 2, 'dwc', 50, '2021-12-13 12:49:55', 'ADMIN', '2021-12-13 12:49:55', 'ADMIN', 0, 1),
(40, 'Demo Food Dinner', 5, 1, 3, 'evf', 70, '2021-12-13 12:50:22', 'ADMIN', '2022-01-26 17:03:45', 'ADMIN', 1, 1),
(41, 'Demo Food', 4, 2, 2, 'dxewdx ef efd', 123, '2022-03-15 11:58:04', 'ADMIN', '2022-03-15 11:58:04', 'ADMIN', 0, 1),
(42, 'Sandwich', 4, 1, 1, 'bh h j h', 80, '2022-03-15 12:00:08', 'ADMIN', '2022-03-15 12:00:25', 'ADMIN', 1, 1),
(43, 'Pizza', 4, 1, 2, 'wcwdcw', 33, '2022-03-15 12:02:57', 'ADMIN', '2022-03-15 12:03:15', 'ADMIN', 1, 1),
(44, 'rice and chicken', 6, 2, 2, 'chicken curry with flavoured rice', 60, '2022-04-02 05:46:39', 'ADMIN', '2022-04-02 05:46:39', 'ADMIN', 0, 1),
(45, 'rice AND salad dal', 6, 1, 2, 'salad', 60, '2022-04-02 05:49:40', 'ADMIN', '2022-04-02 05:49:40', 'ADMIN', 0, 1),
(46, 'rice and chicken', 6, 2, 2, 'gfhfyfgg ugiiiiho', 60, '2022-04-02 06:39:21', 'ADMIN', '2022-04-02 06:39:21', 'ADMIN', 0, 1),
(47, 'rice and chicken', 7, 2, 2, 'rice', 60, '2022-04-12 18:22:54', 'ADMIN', '2022-04-12 18:22:54', 'ADMIN', 0, 1),
(48, 'rice AND salad dal', 7, 2, 2, 'hhgyftdt', 60, '2022-04-12 18:24:50', 'ADMIN', '2022-04-12 18:24:50', 'ADMIN', 0, 1),
(49, 'k1', 7, 2, 1, 'jsjs', 500, '2022-05-18 18:02:54', 'ADMIN', '2022-05-18 18:02:54', 'ADMIN', 0, 1),
(50, 'k2', 7, 1, 1, 'jjjj', 300, '2022-05-18 18:03:54', 'ADMIN', '2022-05-18 18:03:54', 'ADMIN', 0, 1),
(51, 'd1', 7, 2, 3, 'jjh', 60, '2022-05-18 18:04:55', 'ADMIN', '2022-05-18 18:16:39', 'ADMIN', 0, 1),
(52, 'd2', 7, 1, 3, 'hgg', 50, '2022-05-18 18:05:17', 'ADMIN', '2022-05-18 18:19:22', 'ADMIN', 0, 1);

-- --------------------------------------------------------

--
-- Table structure for table `food_processing_status`
--

CREATE TABLE `food_processing_status` (
  `id` int(255) NOT NULL,
  `food_order_id` int(255) NOT NULL,
  `food_id` int(255) NOT NULL,
  `customer_id` int(255) NOT NULL,
  `vendor_id` int(255) NOT NULL,
  `for_date` date NOT NULL,
  `serve_time` int(2) NOT NULL,
  `processing_status` int(2) NOT NULL DEFAULT 0,
  `created_on` datetime NOT NULL DEFAULT current_timestamp(),
  `updated_on` datetime NOT NULL DEFAULT current_timestamp() ON UPDATE current_timestamp()
) ENGINE=InnoDB DEFAULT CHARSET=utf8mb4;

--
-- Dumping data for table `food_processing_status`
--

INSERT INTO `food_processing_status` (`id`, `food_order_id`, `food_id`, `customer_id`, `vendor_id`, `for_date`, `serve_time`, `processing_status`, `created_on`, `updated_on`) VALUES
(1, 1, 35, 3, 4, '2021-10-01', 2, 0, '2021-10-02 17:37:00', '2021-10-02 17:37:00'),
(2, 1, 35, 3, 4, '2021-10-02', 2, 5, '2021-10-02 17:37:00', '2021-10-02 19:28:14'),
(3, 1, 35, 3, 4, '2021-10-03', 2, 0, '2021-10-02 17:37:00', '2021-10-02 17:37:00'),
(4, 1, 35, 3, 4, '2021-10-04', 2, 0, '2021-10-02 17:37:00', '2021-10-02 17:37:00'),
(5, 1, 35, 3, 4, '2021-10-05', 2, 0, '2021-10-02 17:37:00', '2021-10-02 17:37:00'),
(6, 1, 35, 3, 4, '2021-10-06', 2, 0, '2021-10-02 17:37:00', '2021-10-02 17:37:00'),
(7, 1, 35, 3, 4, '2021-10-07', 2, 0, '2021-10-02 17:37:00', '2021-10-02 17:37:00'),
(9, 7, 38, 4, 4, '2021-12-16', 1, 4, '2021-12-15 08:14:08', '2021-12-16 10:30:26'),
(10, 7, 38, 4, 4, '2021-12-17', 1, 0, '2021-12-15 08:14:08', '2021-12-16 08:40:14'),
(11, 7, 38, 4, 4, '2021-12-18', 1, 0, '2021-12-15 08:14:08', '2021-12-16 08:40:19'),
(12, 7, 38, 4, 4, '2021-12-19', 1, 0, '2021-12-15 08:14:08', '2021-12-16 08:40:25'),
(13, 7, 38, 4, 4, '2021-12-20', 1, 0, '2021-12-15 08:14:08', '2021-12-16 08:40:31'),
(14, 7, 38, 4, 4, '2021-12-21', 1, 0, '2021-12-15 08:14:08', '2021-12-16 08:40:35'),
(15, 7, 38, 4, 4, '2021-12-22', 1, 0, '2021-12-15 08:14:08', '2021-12-16 08:40:39'),
(16, 8, 38, 4, 4, '2021-12-17', 1, 0, '2021-12-16 13:01:02', '2021-12-16 13:01:02'),
(17, 8, 38, 4, 4, '2021-12-18', 1, 0, '2021-12-16 13:01:02', '2021-12-16 13:01:02'),
(18, 8, 38, 4, 4, '2021-12-19', 1, 0, '2021-12-16 13:01:02', '2021-12-16 13:01:02'),
(19, 8, 38, 4, 4, '2021-12-20', 1, 0, '2021-12-16 13:01:02', '2021-12-16 13:01:02'),
(20, 8, 38, 4, 4, '2021-12-21', 1, 0, '2021-12-16 13:01:02', '2021-12-16 13:01:02'),
(21, 8, 38, 4, 4, '2021-12-22', 1, 0, '2021-12-16 13:01:02', '2021-12-16 13:01:02'),
(22, 8, 38, 4, 4, '2021-12-23', 1, 0, '2021-12-16 13:01:02', '2021-12-16 13:01:02'),
(23, 9, 36, 4, 4, '2021-12-17', 3, 0, '2021-12-16 17:43:46', '2021-12-16 17:43:46'),
(24, 9, 36, 4, 4, '2021-12-18', 3, 0, '2021-12-16 17:43:46', '2021-12-16 17:43:46'),
(25, 9, 36, 4, 4, '2021-12-19', 3, 0, '2021-12-16 17:43:46', '2021-12-16 17:43:46'),
(26, 9, 36, 4, 4, '2021-12-20', 3, 0, '2021-12-16 17:43:46', '2021-12-16 17:43:46'),
(27, 9, 36, 4, 4, '2021-12-21', 3, 0, '2021-12-16 17:43:46', '2021-12-16 17:43:46'),
(28, 9, 36, 4, 4, '2021-12-22', 3, 0, '2021-12-16 17:43:46', '2021-12-16 17:43:46'),
(29, 9, 36, 4, 4, '2021-12-23', 3, 0, '2021-12-16 17:43:46', '2021-12-16 17:43:46'),
(30, 9, 36, 4, 4, '2021-12-24', 3, 0, '2021-12-16 17:43:46', '2021-12-16 17:43:46'),
(31, 9, 36, 4, 4, '2021-12-25', 3, 0, '2021-12-16 17:43:46', '2021-12-16 17:43:46'),
(32, 9, 36, 4, 4, '2021-12-26', 3, 0, '2021-12-16 17:43:46', '2021-12-16 17:43:46'),
(33, 9, 36, 4, 4, '2021-12-27', 3, 0, '2021-12-16 17:43:46', '2021-12-16 17:43:46'),
(34, 10, 35, 4, 4, '2021-12-18', 2, 0, '2021-12-17 05:57:18', '2021-12-17 05:57:18'),
(35, 10, 35, 4, 4, '2021-12-19', 2, 0, '2021-12-17 05:57:18', '2021-12-17 05:57:18'),
(36, 10, 35, 4, 4, '2021-12-20', 2, 0, '2021-12-17 05:57:18', '2021-12-17 05:57:18'),
(37, 10, 35, 4, 4, '2021-12-21', 2, 0, '2021-12-17 05:57:18', '2021-12-17 05:57:18'),
(38, 10, 35, 4, 4, '2021-12-22', 2, 0, '2021-12-17 05:57:18', '2021-12-17 05:57:18'),
(39, 10, 35, 4, 4, '2021-12-23', 2, 0, '2021-12-17 05:57:18', '2021-12-17 05:57:18'),
(40, 10, 35, 4, 4, '2021-12-24', 2, 0, '2021-12-17 05:57:18', '2021-12-17 05:57:18'),
(41, 10, 35, 4, 4, '2021-12-25', 2, 0, '2021-12-17 05:57:18', '2021-12-17 05:57:18'),
(42, 10, 35, 4, 4, '2021-12-26', 2, 0, '2021-12-17 05:57:18', '2021-12-17 05:57:18'),
(43, 10, 35, 4, 4, '2021-12-27', 2, 0, '2021-12-17 05:57:18', '2021-12-17 05:57:18'),
(44, 10, 35, 4, 4, '2021-12-28', 2, 0, '2021-12-17 05:57:18', '2021-12-17 05:57:18'),
(45, 10, 35, 4, 4, '2021-12-29', 2, 0, '2021-12-17 05:57:18', '2021-12-17 05:57:18'),
(46, 10, 35, 4, 4, '2021-12-30', 2, 0, '2021-12-17 05:57:18', '2021-12-17 05:57:18'),
(47, 10, 35, 4, 4, '2021-12-31', 2, 0, '2021-12-17 05:57:18', '2021-12-17 05:57:18'),
(48, 11, 38, 4, 4, '2021-12-18', 1, 0, '2021-12-17 10:22:15', '2021-12-17 10:22:15'),
(49, 11, 38, 4, 4, '2021-12-19', 1, 0, '2021-12-17 10:22:15', '2021-12-17 10:22:15'),
(50, 11, 38, 4, 4, '2021-12-20', 1, 0, '2021-12-17 10:22:15', '2021-12-17 10:22:15'),
(51, 11, 38, 4, 4, '2021-12-21', 1, 0, '2021-12-17 10:22:15', '2021-12-17 10:22:15'),
(52, 11, 38, 4, 4, '2021-12-22', 1, 0, '2021-12-17 10:22:15', '2021-12-17 10:22:15'),
(53, 11, 38, 4, 4, '2021-12-23', 1, 0, '2021-12-17 10:22:15', '2021-12-17 10:22:15'),
(54, 11, 38, 4, 4, '2021-12-24', 1, 0, '2021-12-17 10:22:15', '2021-12-17 10:22:15'),
(55, 12, 35, 8, 4, '2021-12-18', 2, 0, '2021-12-17 11:52:42', '2021-12-17 11:52:42'),
(56, 12, 35, 8, 4, '2021-12-19', 2, 0, '2021-12-17 11:52:42', '2021-12-17 11:52:42'),
(57, 12, 35, 8, 4, '2021-12-20', 2, 0, '2021-12-17 11:52:42', '2021-12-17 11:52:42'),
(58, 12, 35, 8, 4, '2021-12-21', 2, 0, '2021-12-17 11:52:42', '2021-12-17 11:52:42'),
(59, 12, 35, 8, 4, '2021-12-22', 2, 0, '2021-12-17 11:52:42', '2021-12-17 11:52:42'),
(60, 12, 35, 8, 4, '2021-12-23', 2, 0, '2021-12-17 11:52:42', '2021-12-17 11:52:42'),
(61, 12, 35, 8, 4, '2021-12-24', 2, 0, '2021-12-17 11:52:42', '2021-12-17 11:52:42'),
(62, 13, 35, 8, 4, '2021-12-19', 2, 0, '2021-12-17 19:32:28', '2021-12-17 19:32:28'),
(63, 13, 35, 8, 4, '2021-12-20', 2, 0, '2021-12-17 19:32:28', '2021-12-17 19:32:28'),
(64, 13, 35, 8, 4, '2021-12-21', 2, 0, '2021-12-17 19:32:28', '2021-12-17 19:32:28'),
(65, 13, 35, 8, 4, '2021-12-22', 2, 0, '2021-12-17 19:32:28', '2021-12-17 19:32:28'),
(66, 13, 35, 8, 4, '2021-12-23', 2, 0, '2021-12-17 19:32:28', '2021-12-17 19:32:28'),
(67, 13, 35, 8, 4, '2021-12-24', 2, 0, '2021-12-17 19:32:28', '2021-12-17 19:32:28'),
(68, 13, 35, 8, 4, '2021-12-25', 2, 0, '2021-12-17 19:32:28', '2021-12-17 19:32:28'),
(69, 14, 38, 9, 4, '2021-12-25', 1, 0, '2021-12-23 18:55:32', '2021-12-23 18:55:32'),
(70, 14, 38, 9, 4, '2021-12-26', 1, 0, '2021-12-23 18:55:32', '2021-12-23 18:55:32'),
(71, 14, 38, 9, 4, '2021-12-27', 1, 2, '2021-12-23 18:55:32', '2021-12-27 12:30:08'),
(72, 14, 38, 9, 4, '2021-12-28', 1, 0, '2021-12-23 18:55:32', '2021-12-23 18:55:32'),
(73, 14, 38, 9, 4, '2021-12-29', 1, 0, '2021-12-23 18:55:32', '2021-12-23 18:55:32'),
(74, 14, 38, 9, 4, '2021-12-30', 1, 0, '2021-12-23 18:55:32', '2021-12-23 18:55:32'),
(75, 14, 38, 9, 4, '2021-12-31', 1, 0, '2021-12-23 18:55:32', '2021-12-23 18:55:32'),
(76, 15, 35, 4, 4, '2021-12-28', 2, 0, '2021-12-27 06:55:31', '2021-12-27 06:55:31'),
(77, 15, 35, 4, 4, '2021-12-29', 2, 0, '2021-12-27 06:55:31', '2021-12-27 06:55:31'),
(78, 15, 35, 4, 4, '2021-12-30', 2, 0, '2021-12-27 06:55:31', '2021-12-27 06:55:31'),
(79, 15, 35, 4, 4, '2021-12-31', 2, 0, '2021-12-27 06:55:31', '2021-12-27 06:55:31'),
(80, 15, 35, 4, 4, '2022-01-01', 2, 0, '2021-12-27 06:55:31', '2021-12-27 06:55:31'),
(81, 15, 35, 4, 4, '2022-01-02', 2, 0, '2021-12-27 06:55:31', '2021-12-27 06:55:31'),
(82, 15, 35, 4, 4, '2022-01-03', 2, 0, '2021-12-27 06:55:31', '2021-12-27 06:55:31'),
(83, 16, 35, 9, 4, '2021-12-28', 2, 0, '2021-12-27 08:44:36', '2021-12-27 08:44:36'),
(84, 16, 35, 9, 4, '2021-12-29', 2, 0, '2021-12-27 08:44:36', '2021-12-27 08:44:36'),
(85, 16, 35, 9, 4, '2021-12-30', 2, 0, '2021-12-27 08:44:36', '2021-12-27 08:44:36'),
(86, 16, 35, 9, 4, '2021-12-31', 2, 0, '2021-12-27 08:44:36', '2021-12-27 08:44:36'),
(87, 16, 35, 9, 4, '2022-01-01', 2, 0, '2021-12-27 08:44:36', '2021-12-27 08:44:36'),
(88, 16, 35, 9, 4, '2022-01-02', 2, 0, '2021-12-27 08:44:36', '2021-12-27 08:44:36'),
(89, 16, 35, 9, 4, '2022-01-03', 2, 0, '2021-12-27 08:44:36', '2021-12-27 08:44:36'),
(90, 16, 35, 9, 4, '2022-01-04', 2, 0, '2021-12-27 08:44:36', '2021-12-27 08:44:36'),
(91, 16, 35, 9, 4, '2022-01-05', 2, 0, '2021-12-27 08:44:36', '2021-12-27 08:44:36'),
(92, 16, 35, 9, 4, '2022-01-06', 2, 0, '2021-12-27 08:44:36', '2021-12-27 08:44:36'),
(93, 16, 35, 9, 4, '2022-01-07', 2, 0, '2021-12-27 08:44:36', '2021-12-27 08:44:36'),
(94, 16, 35, 9, 4, '2022-01-08', 2, 0, '2021-12-27 08:44:36', '2021-12-27 08:44:36'),
(95, 16, 35, 9, 4, '2022-01-09', 2, 0, '2021-12-27 08:44:36', '2021-12-27 08:44:36'),
(96, 16, 35, 9, 4, '2022-01-10', 2, 0, '2021-12-27 08:44:36', '2021-12-27 08:44:36'),
(97, 16, 35, 9, 4, '2022-01-11', 2, 0, '2021-12-27 08:44:36', '2021-12-27 08:44:36'),
(98, 17, 38, 9, 4, '2021-12-28', 1, 0, '2021-12-27 12:04:54', '2021-12-27 12:04:54'),
(99, 17, 38, 9, 4, '2021-12-29', 1, 0, '2021-12-27 12:04:54', '2021-12-27 12:04:54'),
(100, 17, 38, 9, 4, '2021-12-30', 1, 0, '2021-12-27 12:04:54', '2021-12-27 12:04:54'),
(101, 17, 38, 9, 4, '2021-12-31', 1, 0, '2021-12-27 12:04:54', '2021-12-27 12:04:54'),
(102, 17, 38, 9, 4, '2022-01-01', 1, 0, '2021-12-27 12:04:54', '2021-12-27 12:04:54'),
(103, 17, 38, 9, 4, '2022-01-02', 1, 0, '2021-12-27 12:04:54', '2021-12-27 12:04:54'),
(104, 17, 38, 9, 4, '2022-01-03', 1, 0, '2021-12-27 12:04:54', '2021-12-27 12:04:54'),
(105, 18, 38, 9, 4, '2021-12-28', 1, 0, '2021-12-27 12:27:24', '2021-12-27 12:27:24'),
(106, 18, 38, 9, 4, '2021-12-29', 1, 0, '2021-12-27 12:27:24', '2021-12-27 12:27:24'),
(107, 18, 38, 9, 4, '2021-12-30', 1, 0, '2021-12-27 12:27:24', '2021-12-27 12:27:24'),
(108, 18, 38, 9, 4, '2021-12-31', 1, 0, '2021-12-27 12:27:24', '2021-12-27 12:27:24'),
(109, 18, 38, 9, 4, '2022-01-01', 1, 0, '2021-12-27 12:27:24', '2021-12-27 12:27:24'),
(110, 18, 38, 9, 4, '2022-01-02', 1, 0, '2021-12-27 12:27:24', '2021-12-27 12:27:24'),
(111, 18, 38, 9, 4, '2022-01-03', 1, 0, '2021-12-27 12:27:24', '2021-12-27 12:27:24'),
(112, 19, 37, 9, 5, '2022-01-11', 1, 0, '2022-01-10 09:12:17', '2022-01-10 09:12:17'),
(113, 19, 37, 9, 5, '2022-01-12', 1, 0, '2022-01-10 09:12:18', '2022-01-10 09:12:18'),
(114, 19, 37, 9, 5, '2022-01-13', 1, 0, '2022-01-10 09:12:18', '2022-01-10 09:12:18'),
(115, 19, 37, 9, 5, '2022-01-14', 1, 0, '2022-01-10 09:12:18', '2022-01-10 09:12:18'),
(116, 19, 37, 9, 5, '2022-01-15', 1, 0, '2022-01-10 09:12:18', '2022-01-10 09:12:18'),
(117, 19, 37, 9, 5, '2022-01-16', 1, 0, '2022-01-10 09:12:18', '2022-01-10 09:12:18'),
(118, 19, 37, 9, 5, '2022-01-17', 1, 0, '2022-01-10 09:12:18', '2022-01-10 09:12:18'),
(119, 20, 38, 9, 4, '2022-01-14', 1, 0, '2022-01-13 14:49:11', '2022-01-13 14:49:11'),
(120, 20, 38, 9, 4, '2022-01-15', 1, 0, '2022-01-13 14:49:11', '2022-01-13 14:49:11'),
(121, 20, 38, 9, 4, '2022-01-16', 1, 0, '2022-01-13 14:49:11', '2022-01-13 14:49:11'),
(122, 20, 38, 9, 4, '2022-01-17', 1, 0, '2022-01-13 14:49:11', '2022-01-13 14:49:11'),
(123, 20, 38, 9, 4, '2022-01-18', 1, 0, '2022-01-13 14:49:11', '2022-01-13 14:49:11'),
(124, 20, 38, 9, 4, '2022-01-19', 1, 0, '2022-01-13 14:49:11', '2022-01-13 14:49:11'),
(125, 20, 38, 9, 4, '2022-01-20', 1, 0, '2022-01-13 14:49:11', '2022-01-13 14:49:11'),
(126, 21, 35, 4, 4, '2022-01-15', 2, 0, '2022-01-14 11:49:18', '2022-01-14 11:49:18'),
(127, 21, 35, 4, 4, '2022-01-16', 2, 0, '2022-01-14 11:49:18', '2022-01-14 11:49:18'),
(128, 21, 35, 4, 4, '2022-01-17', 2, 0, '2022-01-14 11:49:18', '2022-01-14 11:49:18'),
(129, 21, 35, 4, 4, '2022-01-18', 2, 0, '2022-01-14 11:49:18', '2022-01-14 11:49:18'),
(130, 21, 35, 4, 4, '2022-01-19', 2, 0, '2022-01-14 11:49:18', '2022-01-14 11:49:18'),
(131, 21, 35, 4, 4, '2022-01-20', 2, 0, '2022-01-14 11:49:18', '2022-01-14 11:49:18'),
(132, 21, 35, 4, 4, '2022-01-21', 2, 0, '2022-01-14 11:49:18', '2022-01-14 11:49:18'),
(133, 22, 35, 9, 4, '2022-01-15', 2, 0, '2022-01-14 14:00:16', '2022-01-14 14:00:16'),
(134, 22, 35, 9, 4, '2022-01-16', 2, 0, '2022-01-14 14:00:16', '2022-01-14 14:00:16'),
(135, 22, 35, 9, 4, '2022-01-17', 2, 0, '2022-01-14 14:00:16', '2022-01-14 14:00:16'),
(136, 22, 35, 9, 4, '2022-01-18', 2, 0, '2022-01-14 14:00:16', '2022-01-14 14:00:16'),
(137, 22, 35, 9, 4, '2022-01-19', 2, 0, '2022-01-14 14:00:16', '2022-01-14 14:00:16'),
(138, 22, 35, 9, 4, '2022-01-20', 2, 0, '2022-01-14 14:00:16', '2022-01-14 14:00:16'),
(139, 22, 35, 9, 4, '2022-01-21', 2, 0, '2022-01-14 14:00:16', '2022-01-14 14:00:16'),
(140, 23, 36, 9, 4, '2022-01-15', 3, 0, '2022-01-14 14:37:37', '2022-01-14 14:37:37'),
(141, 23, 36, 9, 4, '2022-01-16', 3, 0, '2022-01-14 14:37:37', '2022-01-14 14:37:37'),
(142, 23, 36, 9, 4, '2022-01-17', 3, 0, '2022-01-14 14:37:37', '2022-01-14 14:37:37'),
(143, 23, 36, 9, 4, '2022-01-18', 3, 0, '2022-01-14 14:37:37', '2022-01-14 14:37:37'),
(144, 23, 36, 9, 4, '2022-01-19', 3, 0, '2022-01-14 14:37:37', '2022-01-14 14:37:37'),
(145, 23, 36, 9, 4, '2022-01-20', 3, 0, '2022-01-14 14:37:37', '2022-01-14 14:37:37'),
(146, 23, 36, 9, 4, '2022-01-21', 3, 0, '2022-01-14 14:37:37', '2022-01-14 14:37:37'),
(147, 24, 38, 14, 4, '2022-01-15', 1, 0, '2022-01-14 17:31:10', '2022-01-14 17:31:10'),
(148, 24, 38, 14, 4, '2022-01-16', 1, 0, '2022-01-14 17:31:10', '2022-01-14 17:31:10'),
(149, 24, 38, 14, 4, '2022-01-17', 1, 0, '2022-01-14 17:31:10', '2022-01-14 17:31:10'),
(150, 24, 38, 14, 4, '2022-01-18', 1, 0, '2022-01-14 17:31:10', '2022-01-14 17:31:10'),
(151, 24, 38, 14, 4, '2022-01-19', 1, 0, '2022-01-14 17:31:10', '2022-01-14 17:31:10'),
(152, 24, 38, 14, 4, '2022-01-20', 1, 0, '2022-01-14 17:31:10', '2022-01-14 17:31:10'),
(153, 24, 38, 14, 4, '2022-01-21', 1, 0, '2022-01-14 17:31:10', '2022-01-14 17:31:10'),
(154, 25, 35, 14, 4, '2022-01-16', 2, 0, '2022-01-15 13:01:36', '2022-01-15 13:01:36'),
(155, 25, 35, 14, 4, '2022-01-17', 2, 0, '2022-01-15 13:01:36', '2022-01-15 13:01:36'),
(156, 25, 35, 14, 4, '2022-01-18', 2, 0, '2022-01-15 13:01:36', '2022-01-15 13:01:36'),
(157, 25, 35, 14, 4, '2022-01-19', 2, 0, '2022-01-15 13:01:36', '2022-01-15 13:01:36'),
(158, 25, 35, 14, 4, '2022-01-20', 2, 0, '2022-01-15 13:01:36', '2022-01-15 13:01:36'),
(159, 25, 35, 14, 4, '2022-01-21', 2, 0, '2022-01-15 13:01:36', '2022-01-15 13:01:36'),
(160, 25, 35, 14, 4, '2022-01-22', 2, 0, '2022-01-15 13:01:36', '2022-01-15 13:01:36'),
(161, 26, 36, 14, 4, '2022-01-17', 3, 0, '2022-01-16 07:21:48', '2022-01-16 07:21:48'),
(162, 26, 36, 14, 4, '2022-01-18', 3, 0, '2022-01-16 07:21:48', '2022-01-16 07:21:48'),
(163, 26, 36, 14, 4, '2022-01-19', 3, 0, '2022-01-16 07:21:48', '2022-01-16 07:21:48'),
(164, 26, 36, 14, 4, '2022-01-20', 3, 0, '2022-01-16 07:21:48', '2022-01-16 07:21:48'),
(165, 26, 36, 14, 4, '2022-01-21', 3, 0, '2022-01-16 07:21:48', '2022-01-16 07:21:48'),
(166, 26, 36, 14, 4, '2022-01-22', 3, 0, '2022-01-16 07:21:48', '2022-01-16 07:21:48'),
(167, 26, 36, 14, 4, '2022-01-23', 3, 0, '2022-01-16 07:21:48', '2022-01-16 07:21:48'),
(168, 27, 36, 14, 4, '2022-01-18', 3, 0, '2022-01-17 17:53:58', '2022-01-17 17:53:58'),
(169, 27, 36, 14, 4, '2022-01-19', 3, 0, '2022-01-17 17:53:58', '2022-01-17 17:53:58'),
(170, 27, 36, 14, 4, '2022-01-20', 3, 0, '2022-01-17 17:53:58', '2022-01-17 17:53:58'),
(171, 27, 36, 14, 4, '2022-01-21', 3, 0, '2022-01-17 17:53:58', '2022-01-17 17:53:58'),
(172, 27, 36, 14, 4, '2022-01-22', 3, 0, '2022-01-17 17:53:58', '2022-01-17 17:53:58'),
(173, 27, 36, 14, 4, '2022-01-23', 3, 0, '2022-01-17 17:53:58', '2022-01-17 17:53:58'),
(174, 27, 36, 14, 4, '2022-01-24', 3, 0, '2022-01-17 17:53:58', '2022-01-17 17:53:58'),
(175, 28, 36, 4, 4, '2022-01-24', 3, 0, '2022-01-23 14:32:42', '2022-01-23 14:32:42'),
(176, 28, 36, 4, 4, '2022-01-25', 3, 0, '2022-01-23 14:32:42', '2022-01-23 14:32:42'),
(177, 28, 36, 4, 4, '2022-01-26', 3, 2, '2022-01-23 14:32:42', '2022-01-26 16:20:56'),
(178, 28, 36, 4, 4, '2022-01-27', 3, 0, '2022-01-23 14:32:42', '2022-01-23 14:32:42'),
(179, 28, 36, 4, 4, '2022-01-28', 3, 0, '2022-01-23 14:32:42', '2022-01-23 14:32:42'),
(180, 28, 36, 4, 4, '2022-01-29', 3, 0, '2022-01-23 14:32:42', '2022-01-23 14:32:42'),
(181, 28, 36, 4, 4, '2022-01-30', 3, 0, '2022-01-23 14:32:42', '2022-01-23 14:32:42'),
(182, 28, 36, 4, 4, '2022-01-31', 3, 0, '2022-01-23 14:32:42', '2022-01-23 14:32:42'),
(183, 28, 36, 4, 4, '2022-02-01', 3, 0, '2022-01-23 14:32:42', '2022-01-23 14:32:42'),
(184, 28, 36, 4, 4, '2022-02-02', 3, 0, '2022-01-23 14:32:42', '2022-01-23 14:32:42'),
(185, 28, 36, 4, 4, '2022-02-03', 3, 0, '2022-01-23 14:32:42', '2022-01-23 14:32:42'),
(186, 28, 36, 4, 4, '2022-02-04', 3, 0, '2022-01-23 14:32:42', '2022-01-23 14:32:42'),
(187, 28, 36, 4, 4, '2022-02-05', 3, 1, '2022-01-23 14:32:42', '2022-02-05 06:31:01'),
(188, 28, 36, 4, 4, '2022-02-06', 3, 0, '2022-01-23 14:32:42', '2022-01-23 14:32:42'),
(189, 28, 36, 4, 4, '2022-02-07', 3, 0, '2022-01-23 14:32:42', '2022-01-23 14:32:42'),
(190, 29, 36, 14, 4, '2022-02-26', 3, 0, '2022-02-25 16:16:00', '2022-02-25 16:16:00'),
(191, 29, 36, 14, 4, '2022-02-27', 3, 0, '2022-02-25 16:16:00', '2022-02-25 16:16:00'),
(192, 29, 36, 14, 4, '2022-02-28', 3, 0, '2022-02-25 16:16:00', '2022-02-25 16:16:00'),
(193, 29, 36, 14, 4, '2022-03-01', 3, 0, '2022-02-25 16:16:01', '2022-02-25 16:16:01'),
(194, 29, 36, 14, 4, '2022-03-02', 3, 0, '2022-02-25 16:16:01', '2022-02-25 16:16:01'),
(195, 29, 36, 14, 4, '2022-03-03', 3, 0, '2022-02-25 16:16:01', '2022-02-25 16:16:01'),
(196, 29, 36, 14, 4, '2022-03-04', 3, 0, '2022-02-25 16:16:01', '2022-02-25 16:16:01'),
(197, 30, 38, 4, 4, '2022-03-15', 1, 0, '2022-03-15 06:24:00', '2022-03-15 12:53:00'),
(198, 30, 38, 4, 4, '2022-03-17', 1, 0, '2022-03-15 06:24:00', '2022-03-15 06:24:00'),
(199, 30, 38, 4, 4, '2022-03-18', 1, 0, '2022-03-15 06:24:00', '2022-03-15 06:24:00'),
(200, 30, 38, 4, 4, '2022-03-19', 1, 0, '2022-03-15 06:24:00', '2022-03-15 06:24:00'),
(201, 30, 38, 4, 4, '2022-03-20', 1, 0, '2022-03-15 06:24:00', '2022-03-15 06:24:00'),
(202, 30, 38, 4, 4, '2022-03-21', 1, 0, '2022-03-15 06:24:00', '2022-03-15 06:24:00'),
(203, 30, 38, 4, 4, '2022-03-22', 1, 0, '2022-03-15 06:24:00', '2022-03-15 06:24:00'),
(204, 32, 38, 4, 4, '2022-03-26', 1, 0, '2022-03-25 04:46:35', '2022-03-25 04:46:35'),
(205, 32, 38, 4, 4, '2022-03-27', 1, 0, '2022-03-25 04:46:35', '2022-03-25 04:46:35'),
(206, 32, 38, 4, 4, '2022-03-28', 1, 0, '2022-03-25 04:46:35', '2022-03-25 04:46:35'),
(207, 32, 38, 4, 4, '2022-03-29', 1, 1, '2022-03-25 04:46:35', '2022-03-29 13:40:44'),
(208, 32, 38, 4, 4, '2022-03-30', 1, 0, '2022-03-25 04:46:35', '2022-03-25 04:46:35'),
(209, 32, 38, 4, 4, '2022-03-31', 1, 0, '2022-03-25 04:46:35', '2022-03-25 04:46:35'),
(210, 32, 38, 4, 4, '2022-04-01', 1, 0, '2022-03-25 04:46:35', '2022-03-25 04:46:35'),
(211, 33, 35, 4, 4, '2022-03-26', 2, 0, '2022-03-25 04:47:07', '2022-03-25 04:47:07'),
(212, 33, 35, 4, 4, '2022-03-27', 2, 0, '2022-03-25 04:47:07', '2022-03-25 04:47:07'),
(213, 33, 35, 4, 4, '2022-03-28', 2, 0, '2022-03-25 04:47:07', '2022-03-25 04:47:07'),
(214, 33, 35, 4, 4, '2022-03-29', 2, 0, '2022-03-25 04:47:07', '2022-03-25 04:47:07'),
(215, 33, 35, 4, 4, '2022-03-30', 2, 0, '2022-03-25 04:47:07', '2022-03-25 04:47:07'),
(216, 33, 35, 4, 4, '2022-03-31', 2, 0, '2022-03-25 04:47:07', '2022-03-25 04:47:07'),
(217, 33, 35, 4, 4, '2022-04-01', 2, 0, '2022-03-25 04:47:07', '2022-03-25 04:47:07'),
(218, 33, 35, 4, 4, '2022-04-02', 2, 0, '2022-03-25 04:47:07', '2022-03-25 04:47:07'),
(219, 33, 35, 4, 4, '2022-04-03', 2, 0, '2022-03-25 04:47:07', '2022-03-25 04:47:07'),
(220, 33, 35, 4, 4, '2022-04-04', 2, 0, '2022-03-25 04:47:07', '2022-03-25 04:47:07'),
(221, 33, 35, 4, 4, '2022-04-05', 2, 0, '2022-03-25 04:47:07', '2022-03-25 04:47:07'),
(222, 33, 35, 4, 4, '2022-04-06', 2, 0, '2022-03-25 04:47:07', '2022-03-25 04:47:07'),
(223, 33, 35, 4, 4, '2022-04-07', 2, 0, '2022-03-25 04:47:07', '2022-03-25 04:47:07'),
(224, 33, 35, 4, 4, '2022-04-08', 2, 0, '2022-03-25 04:47:07', '2022-03-25 04:47:07'),
(225, 33, 35, 4, 4, '2022-04-09', 2, 0, '2022-03-25 04:47:07', '2022-03-25 04:47:07'),
(226, 34, 36, 4, 4, '2022-03-26', 3, 0, '2022-03-25 04:47:26', '2022-03-25 04:47:26'),
(227, 34, 36, 4, 4, '2022-03-27', 3, 1, '2022-03-25 04:47:26', '2022-03-27 09:12:39'),
(228, 34, 36, 4, 4, '2022-03-28', 3, 0, '2022-03-25 04:47:26', '2022-03-25 04:47:26'),
(229, 34, 36, 4, 4, '2022-03-29', 3, 0, '2022-03-25 04:47:26', '2022-03-25 04:47:26'),
(230, 34, 36, 4, 4, '2022-03-30', 3, 4, '2022-03-25 04:47:26', '2022-03-30 15:23:49'),
(231, 34, 36, 4, 4, '2022-03-31', 3, 4, '2022-03-25 04:47:26', '2022-03-31 17:33:08'),
(232, 34, 36, 4, 4, '2022-04-01', 3, 2, '2022-03-25 04:47:26', '2022-03-31 18:49:06'),
(233, 34, 36, 4, 4, '2022-04-02', 3, 0, '2022-03-25 04:47:26', '2022-03-25 04:47:26'),
(234, 34, 36, 4, 4, '2022-04-03', 3, 0, '2022-03-25 04:47:26', '2022-03-25 04:47:26'),
(235, 34, 36, 4, 4, '2022-04-04', 3, 0, '2022-03-25 04:47:26', '2022-03-25 04:47:26'),
(236, 34, 36, 4, 4, '2022-04-05', 3, 0, '2022-03-25 04:47:26', '2022-03-25 04:47:26'),
(237, 34, 36, 4, 4, '2022-04-06', 3, 0, '2022-03-25 04:47:27', '2022-03-25 04:47:27'),
(238, 34, 36, 4, 4, '2022-04-07', 3, 0, '2022-03-25 04:47:27', '2022-03-25 04:47:27'),
(239, 34, 36, 4, 4, '2022-04-08', 3, 0, '2022-03-25 04:47:27', '2022-03-25 04:47:27'),
(240, 34, 36, 4, 4, '2022-04-09', 3, 0, '2022-03-25 04:47:27', '2022-03-25 04:47:27'),
(241, 34, 36, 4, 4, '2022-04-10', 3, 4, '2022-03-25 04:47:27', '2022-04-10 05:25:49'),
(242, 34, 36, 4, 4, '2022-04-11', 3, 0, '2022-03-25 04:47:27', '2022-03-25 04:47:27'),
(243, 34, 36, 4, 4, '2022-04-12', 3, 0, '2022-03-25 04:47:27', '2022-03-25 04:47:27'),
(244, 34, 36, 4, 4, '2022-04-13', 3, 0, '2022-03-25 04:47:27', '2022-03-25 04:47:27'),
(245, 34, 36, 4, 4, '2022-04-14', 3, 0, '2022-03-25 04:47:27', '2022-03-25 04:47:27'),
(246, 34, 36, 4, 4, '2022-04-15', 3, 0, '2022-03-25 04:47:27', '2022-03-25 04:47:27'),
(247, 34, 36, 4, 4, '2022-04-16', 3, 0, '2022-03-25 04:47:27', '2022-03-25 04:47:27'),
(248, 34, 36, 4, 4, '2022-04-17', 3, 0, '2022-03-25 04:47:27', '2022-03-25 04:47:27'),
(249, 34, 36, 4, 4, '2022-04-18', 3, 0, '2022-03-25 04:47:27', '2022-03-25 04:47:27'),
(250, 34, 36, 4, 4, '2022-04-19', 3, 4, '2022-03-25 04:47:27', '2022-04-19 06:15:16'),
(251, 34, 36, 4, 4, '2022-04-20', 3, 0, '2022-03-25 04:47:27', '2022-03-25 04:47:27'),
(252, 34, 36, 4, 4, '2022-04-21', 3, 4, '2022-03-25 04:47:27', '2022-04-21 04:01:05'),
(253, 34, 36, 4, 4, '2022-04-22', 3, 0, '2022-03-25 04:47:27', '2022-03-25 04:47:27'),
(254, 34, 36, 4, 4, '2022-04-23', 3, 0, '2022-03-25 04:47:27', '2022-03-25 04:47:27'),
(255, 34, 36, 4, 4, '2022-04-24', 3, 0, '2022-03-25 04:47:27', '2022-03-25 04:47:27'),
(256, 35, 35, 14, 4, '2022-03-30', 2, 0, '2022-03-29 13:39:31', '2022-03-29 13:39:31'),
(257, 35, 35, 14, 4, '2022-03-31', 2, 0, '2022-03-29 13:39:32', '2022-03-29 13:39:32'),
(258, 35, 35, 14, 4, '2022-04-01', 2, 0, '2022-03-29 13:39:32', '2022-03-29 13:39:32'),
(259, 35, 35, 14, 4, '2022-04-02', 2, 4, '2022-03-29 13:39:32', '2022-04-02 06:25:10'),
(260, 35, 35, 14, 4, '2022-04-03', 2, 0, '2022-03-29 13:39:32', '2022-03-29 13:39:32'),
(261, 35, 35, 14, 4, '2022-04-04', 2, 0, '2022-03-29 13:39:32', '2022-03-29 13:39:32'),
(262, 35, 35, 14, 4, '2022-04-05', 2, 0, '2022-03-29 13:39:32', '2022-03-29 13:39:32'),
(263, 36, 36, 14, 4, '2022-03-31', 3, 4, '2022-03-29 19:01:34', '2022-03-31 17:33:14'),
(264, 36, 36, 14, 4, '2022-04-01', 3, 0, '2022-03-29 19:01:34', '2022-03-29 19:01:34'),
(265, 36, 36, 14, 4, '2022-04-02', 3, 0, '2022-03-29 19:01:34', '2022-03-29 19:01:34'),
(266, 36, 36, 14, 4, '2022-04-03', 3, 0, '2022-03-29 19:01:34', '2022-03-29 19:01:34'),
(267, 36, 36, 14, 4, '2022-04-04', 3, 0, '2022-03-29 19:01:34', '2022-03-29 19:01:34'),
(268, 36, 36, 14, 4, '2022-04-05', 3, 0, '2022-03-29 19:01:34', '2022-03-29 19:01:34'),
(269, 36, 36, 14, 4, '2022-04-06', 3, 0, '2022-03-29 19:01:34', '2022-03-29 19:01:34'),
(270, 36, 36, 14, 4, '2022-04-07', 3, 0, '2022-03-29 19:01:34', '2022-03-29 19:01:34'),
(271, 36, 36, 14, 4, '2022-04-08', 3, 0, '2022-03-29 19:01:34', '2022-03-29 19:01:34'),
(272, 36, 36, 14, 4, '2022-04-09', 3, 0, '2022-03-29 19:01:34', '2022-03-29 19:01:34'),
(273, 36, 36, 14, 4, '2022-04-10', 3, 4, '2022-03-29 19:01:34', '2022-04-10 05:26:16'),
(274, 36, 36, 14, 4, '2022-04-11', 3, 0, '2022-03-29 19:01:34', '2022-03-29 19:01:34'),
(275, 36, 36, 14, 4, '2022-04-12', 3, 0, '2022-03-29 19:01:34', '2022-03-29 19:01:34'),
(276, 36, 36, 14, 4, '2022-04-13', 3, 0, '2022-03-29 19:01:34', '2022-03-29 19:01:34'),
(277, 36, 36, 14, 4, '2022-04-14', 3, 0, '2022-03-29 19:01:34', '2022-03-29 19:01:34'),
(278, 37, 36, 14, 4, '2022-03-31', 3, 4, '2022-03-30 15:29:22', '2022-03-31 17:33:24'),
(279, 37, 36, 14, 4, '2022-04-01', 3, 0, '2022-03-30 15:29:22', '2022-03-30 15:29:22'),
(280, 37, 36, 14, 4, '2022-04-02', 3, 0, '2022-03-30 15:29:22', '2022-03-30 15:29:22'),
(281, 37, 36, 14, 4, '2022-04-03', 3, 0, '2022-03-30 15:29:22', '2022-03-30 15:29:22'),
(282, 37, 36, 14, 4, '2022-04-04', 3, 0, '2022-03-30 15:29:22', '2022-03-30 15:29:22'),
(283, 37, 36, 14, 4, '2022-04-05', 3, 0, '2022-03-30 15:29:22', '2022-03-30 15:29:22'),
(284, 37, 36, 14, 4, '2022-04-06', 3, 0, '2022-03-30 15:29:22', '2022-03-30 15:29:22'),
(285, 38, 38, 4, 4, '2022-04-10', 1, 0, '2022-04-09 04:27:43', '2022-04-09 04:27:43'),
(286, 38, 38, 4, 4, '2022-04-11', 1, 4, '2022-04-09 04:27:43', '2022-04-11 05:53:08'),
(287, 38, 38, 4, 4, '2022-04-12', 1, 0, '2022-04-09 04:27:43', '2022-04-09 04:27:43'),
(288, 38, 38, 4, 4, '2022-04-13', 1, 0, '2022-04-09 04:27:43', '2022-04-09 04:27:43'),
(289, 38, 38, 4, 4, '2022-04-14', 1, 0, '2022-04-09 04:27:43', '2022-04-09 04:27:43'),
(290, 38, 38, 4, 4, '2022-04-15', 1, 0, '2022-04-09 04:27:43', '2022-04-09 04:27:43'),
(291, 38, 38, 4, 4, '2022-04-16', 1, 0, '2022-04-09 04:27:43', '2022-04-09 04:27:43'),
(292, 39, 38, 4, 4, '2022-04-10', 1, 0, '2022-04-09 04:39:45', '2022-04-09 04:39:45'),
(293, 39, 38, 4, 4, '2022-04-11', 1, 0, '2022-04-09 04:39:45', '2022-04-09 04:39:45'),
(294, 39, 38, 4, 4, '2022-04-12', 1, 0, '2022-04-09 04:39:45', '2022-04-09 04:39:45'),
(295, 39, 38, 4, 4, '2022-04-13', 1, 0, '2022-04-09 04:39:45', '2022-04-09 04:39:45'),
(296, 39, 38, 4, 4, '2022-04-14', 1, 0, '2022-04-09 04:39:45', '2022-04-09 04:39:45'),
(297, 39, 38, 4, 4, '2022-04-15', 1, 0, '2022-04-09 04:39:45', '2022-04-09 04:39:45'),
(298, 39, 38, 4, 4, '2022-04-16', 1, 0, '2022-04-09 04:39:45', '2022-04-09 04:39:45'),
(299, 40, 37, 14, 5, '2022-04-12', 1, 0, '2022-04-10 19:11:47', '2022-04-10 19:11:47'),
(300, 40, 37, 14, 5, '2022-04-13', 1, 0, '2022-04-10 19:11:47', '2022-04-10 19:11:47'),
(301, 40, 37, 14, 5, '2022-04-14', 1, 0, '2022-04-10 19:11:47', '2022-04-10 19:11:47'),
(302, 40, 37, 14, 5, '2022-04-15', 1, 0, '2022-04-10 19:11:47', '2022-04-10 19:11:47'),
(303, 40, 37, 14, 5, '2022-04-16', 1, 0, '2022-04-10 19:11:47', '2022-04-10 19:11:47'),
(304, 40, 37, 14, 5, '2022-04-17', 1, 0, '2022-04-10 19:11:47', '2022-04-10 19:11:47'),
(305, 40, 37, 14, 5, '2022-04-18', 1, 0, '2022-04-10 19:11:47', '2022-04-10 19:11:47'),
(306, 41, 38, 14, 4, '2022-04-12', 1, 0, '2022-04-10 19:12:44', '2022-04-10 19:12:44'),
(307, 41, 38, 14, 4, '2022-04-13', 1, 0, '2022-04-10 19:12:44', '2022-04-10 19:12:44'),
(308, 41, 38, 14, 4, '2022-04-14', 1, 0, '2022-04-10 19:12:44', '2022-04-10 19:12:44'),
(309, 41, 38, 14, 4, '2022-04-15', 1, 0, '2022-04-10 19:12:44', '2022-04-10 19:12:44'),
(310, 41, 38, 14, 4, '2022-04-16', 1, 0, '2022-04-10 19:12:44', '2022-04-10 19:12:44'),
(311, 41, 38, 14, 4, '2022-04-17', 1, 0, '2022-04-10 19:12:44', '2022-04-10 19:12:44'),
(312, 41, 38, 14, 4, '2022-04-18', 1, 0, '2022-04-10 19:12:44', '2022-04-10 19:12:44'),
(313, 42, 38, 16, 4, '2022-04-13', 1, 0, '2022-04-12 03:23:13', '2022-04-12 03:23:13'),
(314, 42, 38, 16, 4, '2022-04-14', 1, 0, '2022-04-12 03:23:13', '2022-04-12 03:23:13'),
(315, 42, 38, 16, 4, '2022-04-15', 1, 0, '2022-04-12 03:23:13', '2022-04-12 03:23:13'),
(316, 42, 38, 16, 4, '2022-04-16', 1, 0, '2022-04-12 03:23:13', '2022-04-12 03:23:13'),
(317, 42, 38, 16, 4, '2022-04-17', 1, 0, '2022-04-12 03:23:13', '2022-04-12 03:23:13'),
(318, 42, 38, 16, 4, '2022-04-18', 1, 0, '2022-04-12 03:23:13', '2022-04-12 03:23:13'),
(319, 42, 38, 16, 4, '2022-04-19', 1, 0, '2022-04-12 03:23:13', '2022-04-12 03:23:13'),
(320, 43, 37, 14, 5, '2022-04-20', 1, 0, '2022-04-19 06:13:08', '2022-04-19 06:13:08'),
(321, 43, 37, 14, 5, '2022-04-21', 1, 0, '2022-04-19 06:13:08', '2022-04-19 06:13:08'),
(322, 43, 37, 14, 5, '2022-04-22', 1, 0, '2022-04-19 06:13:08', '2022-04-19 06:13:08'),
(323, 43, 37, 14, 5, '2022-04-23', 1, 0, '2022-04-19 06:13:08', '2022-04-19 06:13:08'),
(324, 43, 37, 14, 5, '2022-04-24', 1, 0, '2022-04-19 06:13:08', '2022-04-19 06:13:08'),
(325, 43, 37, 14, 5, '2022-04-25', 1, 0, '2022-04-19 06:13:08', '2022-04-19 06:13:08'),
(326, 43, 37, 14, 5, '2022-04-26', 1, 0, '2022-04-19 06:13:08', '2022-04-19 06:13:08'),
(327, 44, 0, 14, 7, '2022-05-10', 1, 0, '2022-05-09 12:30:03', '2022-05-09 12:30:03'),
(328, 44, 0, 14, 7, '2022-05-11', 1, 0, '2022-05-09 12:30:03', '2022-05-09 12:30:03'),
(329, 44, 0, 14, 7, '2022-05-12', 1, 0, '2022-05-09 12:30:03', '2022-05-09 12:30:03'),
(330, 44, 0, 14, 7, '2022-05-13', 1, 0, '2022-05-09 12:30:03', '2022-05-09 12:30:03'),
(331, 44, 0, 14, 7, '2022-05-14', 1, 0, '2022-05-09 12:30:03', '2022-05-09 12:30:03'),
(332, 44, 0, 14, 7, '2022-05-15', 1, 0, '2022-05-09 12:30:03', '2022-05-09 12:30:03'),
(333, 44, 0, 14, 7, '2022-05-16', 1, 0, '2022-05-09 12:30:03', '2022-05-09 12:30:03'),
(334, 45, 39, 14, 5, '2022-05-10', 2, 0, '2022-05-09 15:28:36', '2022-05-09 15:28:36'),
(335, 45, 39, 14, 5, '2022-05-11', 2, 0, '2022-05-09 15:28:36', '2022-05-09 15:28:36'),
(336, 45, 39, 14, 5, '2022-05-12', 2, 0, '2022-05-09 15:28:36', '2022-05-09 15:28:36'),
(337, 45, 39, 14, 5, '2022-05-13', 2, 0, '2022-05-09 15:28:36', '2022-05-09 15:28:36'),
(338, 45, 39, 14, 5, '2022-05-14', 2, 0, '2022-05-09 15:28:36', '2022-05-09 15:28:36'),
(339, 45, 39, 14, 5, '2022-05-15', 2, 0, '2022-05-09 15:28:36', '2022-05-09 15:28:36'),
(340, 45, 39, 14, 5, '2022-05-16', 2, 0, '2022-05-09 15:28:36', '2022-05-09 15:28:36'),
(341, 46, 35, 14, 4, '2022-05-12', 2, 0, '2022-05-11 15:38:24', '2022-05-11 15:38:24'),
(342, 46, 35, 14, 4, '2022-05-13', 2, 0, '2022-05-11 15:38:24', '2022-05-11 15:38:24'),
(343, 46, 35, 14, 4, '2022-05-14', 2, 0, '2022-05-11 15:38:24', '2022-05-11 15:38:24'),
(344, 46, 35, 14, 4, '2022-05-15', 2, 0, '2022-05-11 15:38:24', '2022-05-11 15:38:24'),
(345, 46, 35, 14, 4, '2022-05-16', 2, 4, '2022-05-11 15:38:24', '2022-05-16 12:30:05'),
(346, 46, 35, 14, 4, '2022-05-17', 2, 0, '2022-05-11 15:38:25', '2022-05-11 15:38:25'),
(347, 46, 35, 14, 4, '2022-05-18', 2, 4, '2022-05-11 15:38:25', '2022-05-17 20:04:01'),
(348, 47, 35, 14, 4, '2022-05-23', 2, 4, '2022-05-21 19:44:20', '2022-05-23 14:54:58'),
(349, 47, 35, 14, 4, '2022-05-24', 2, 4, '2022-05-21 19:44:20', '2022-05-24 15:08:08'),
(350, 47, 35, 14, 4, '2022-05-25', 2, 0, '2022-05-21 19:44:20', '2022-05-21 19:44:20'),
(351, 47, 35, 14, 4, '2022-05-26', 2, 4, '2022-05-21 19:44:20', '2022-05-26 01:24:42'),
(352, 47, 35, 14, 4, '2022-05-27', 2, 0, '2022-05-21 19:44:20', '2022-05-21 19:44:20'),
(353, 47, 35, 14, 4, '2022-05-28', 2, 0, '2022-05-21 19:44:20', '2022-05-21 19:44:20'),
(354, 47, 35, 14, 4, '2022-05-29', 2, 0, '2022-05-21 19:44:20', '2022-05-21 19:44:20'),
(355, 48, 35, 14, 4, '2022-05-23', 2, 4, '2022-05-21 19:51:25', '2022-05-23 14:55:02'),
(356, 48, 35, 14, 4, '2022-05-24', 2, 4, '2022-05-21 19:51:25', '2022-05-24 15:08:12'),
(357, 48, 35, 14, 4, '2022-05-25', 2, 0, '2022-05-21 19:51:25', '2022-05-21 19:51:25'),
(358, 48, 35, 14, 4, '2022-05-26', 2, 4, '2022-05-21 19:51:25', '2022-05-26 01:24:47'),
(359, 48, 35, 14, 4, '2022-05-27', 2, 0, '2022-05-21 19:51:25', '2022-05-21 19:51:25'),
(360, 48, 35, 14, 4, '2022-05-28', 2, 0, '2022-05-21 19:51:25', '2022-05-21 19:51:25'),
(361, 48, 35, 14, 4, '2022-05-29', 2, 0, '2022-05-21 19:51:25', '2022-05-21 19:51:25'),
(362, 48, 35, 14, 4, '2022-05-30', 2, 0, '2022-05-21 19:51:25', '2022-05-21 19:51:25'),
(363, 48, 35, 14, 4, '2022-05-31', 2, 0, '2022-05-21 19:51:25', '2022-05-21 19:51:25'),
(364, 48, 35, 14, 4, '2022-06-01', 2, 0, '2022-05-21 19:51:25', '2022-05-21 19:51:25'),
(365, 48, 35, 14, 4, '2022-06-02', 2, 0, '2022-05-21 19:51:25', '2022-05-21 19:51:25'),
(366, 48, 35, 14, 4, '2022-06-03', 2, 0, '2022-05-21 19:51:25', '2022-05-21 19:51:25'),
(367, 48, 35, 14, 4, '2022-06-04', 2, 0, '2022-05-21 19:51:25', '2022-05-21 19:51:25'),
(368, 48, 35, 14, 4, '2022-06-05', 2, 0, '2022-05-21 19:51:25', '2022-05-21 19:51:25'),
(369, 48, 35, 14, 4, '2022-06-06', 2, 0, '2022-05-21 19:51:25', '2022-05-21 19:51:25'),
(370, 49, 48, 14, 7, '2022-05-24', 2, 0, '2022-05-23 18:18:04', '2022-05-23 18:18:04'),
(371, 49, 47, 14, 7, '2022-05-25', 2, 0, '2022-05-23 18:18:04', '2022-05-23 18:18:04'),
(372, 49, 48, 14, 7, '2022-05-26', 2, 0, '2022-05-23 18:18:04', '2022-05-23 18:18:04'),
(373, 49, 47, 14, 7, '2022-05-27', 2, 0, '2022-05-23 18:18:04', '2022-05-23 18:18:04'),
(374, 49, 48, 14, 7, '2022-05-28', 2, 0, '2022-05-23 18:18:04', '2022-05-23 18:18:04'),
(375, 49, 47, 14, 7, '2022-05-29', 2, 0, '2022-05-23 18:18:04', '2022-05-23 18:18:04'),
(376, 49, 47, 14, 7, '2022-05-30', 2, 0, '2022-05-23 18:18:04', '2022-05-23 18:18:04'),
(377, 50, 37, 14, 5, '2022-07-05', 1, 0, '2022-07-04 05:48:19', '2022-07-04 05:48:19'),
(378, 50, 37, 14, 5, '2022-07-06', 1, 0, '2022-07-04 05:48:19', '2022-07-04 05:48:19'),
(379, 50, 37, 14, 5, '2022-07-07', 1, 0, '2022-07-04 05:48:19', '2022-07-04 05:48:19'),
(380, 50, 37, 14, 5, '2022-07-08', 1, 0, '2022-07-04 05:48:19', '2022-07-04 05:48:19'),
(381, 50, 37, 14, 5, '2022-07-09', 1, 0, '2022-07-04 05:48:19', '2022-07-04 05:48:19'),
(382, 50, 37, 14, 5, '2022-07-10', 1, 0, '2022-07-04 05:48:19', '2022-07-04 05:48:19'),
(383, 50, 37, 14, 5, '2022-07-11', 1, 0, '2022-07-04 05:48:19', '2022-07-04 05:48:19'),
(384, 51, 52, 25, 7, '2022-07-12', 3, 0, '2022-07-11 17:00:59', '2022-07-11 17:00:59'),
(385, 51, 51, 25, 7, '2022-07-13', 3, 0, '2022-07-11 17:00:59', '2022-07-11 17:00:59'),
(386, 51, 52, 25, 7, '2022-07-14', 3, 0, '2022-07-11 17:00:59', '2022-07-11 17:00:59'),
(387, 51, 51, 25, 7, '2022-07-15', 3, 0, '2022-07-11 17:00:59', '2022-07-11 17:00:59'),
(388, 51, 51, 25, 7, '2022-07-16', 3, 0, '2022-07-11 17:00:59', '2022-07-11 17:00:59'),
(389, 51, 52, 25, 7, '2022-07-17', 3, 0, '2022-07-11 17:00:59', '2022-07-11 17:00:59'),
(390, 51, 51, 25, 7, '2022-07-18', 3, 0, '2022-07-11 17:00:59', '2022-07-11 17:00:59'),
(391, 52, 47, 27, 7, '2022-08-15', 2, 0, '2022-08-13 20:37:33', '2022-08-13 20:37:33'),
(392, 52, 48, 27, 7, '2022-08-16', 2, 0, '2022-08-13 20:37:33', '2022-08-13 20:37:33'),
(393, 52, 47, 27, 7, '2022-08-17', 2, 0, '2022-08-13 20:37:33', '2022-08-13 20:37:33'),
(394, 52, 48, 27, 7, '2022-08-18', 2, 0, '2022-08-13 20:37:33', '2022-08-13 20:37:33'),
(395, 52, 47, 27, 7, '2022-08-19', 2, 0, '2022-08-13 20:37:33', '2022-08-13 20:37:33'),
(396, 52, 48, 27, 7, '2022-08-20', 2, 0, '2022-08-13 20:37:33', '2022-08-13 20:37:33'),
(397, 52, 47, 27, 7, '2022-08-21', 2, 0, '2022-08-13 20:37:33', '2022-08-13 20:37:33');

-- --------------------------------------------------------

--
-- Table structure for table `messages`
--

CREATE TABLE `messages` (
  `id` int(100) NOT NULL,
  `fullname` varchar(100) NOT NULL,
  `email` varchar(100) NOT NULL,
  `mobile` varchar(100) NOT NULL,
  `msg` text NOT NULL,
  `created_on` datetime NOT NULL DEFAULT current_timestamp()
) ENGINE=InnoDB DEFAULT CHARSET=utf8;

--
-- Dumping data for table `messages`
--

INSERT INTO `messages` (`id`, `fullname`, `email`, `mobile`, `msg`, `created_on`) VALUES
(2, 'amresh kumar', 'amresh.hackerak@gmail.com', '08436632010', 'wdqq', '2021-12-14 08:56:56'),
(3, 'Jdjdj', 'ksardaji@gmail.com', '65656', 'Bxbxb', '2022-05-18 18:45:36');

-- --------------------------------------------------------

--
-- Table structure for table `order_subscription`
--

CREATE TABLE `order_subscription` (
  `id` int(255) NOT NULL,
  `customer_id` int(255) NOT NULL,
  `vendor_id` int(255) NOT NULL,
  `food_id` varchar(500) NOT NULL,
  `serve_time` int(2) NOT NULL,
  `food_type` int(2) NOT NULL DEFAULT 0,
  `food_price` int(100) NOT NULL DEFAULT 0,
  `package_duration` int(100) NOT NULL,
  `subscription_price` double NOT NULL,
  `vendor_earning` double NOT NULL,
  `admin_earning` double NOT NULL,
  `start_date` date NOT NULL,
  `end_date` date NOT NULL,
  `accept_reject` int(2) NOT NULL DEFAULT 0,
  `subscription_date` date NOT NULL,
  `subscription_datetime` datetime NOT NULL DEFAULT current_timestamp(),
  `is_paid` int(2) NOT NULL DEFAULT 0,
  `delivery_lat` varchar(100) NOT NULL,
  `delivery_lng` varchar(100) NOT NULL,
  `delivery_address` text NOT NULL,
  `delivery_landmark` text NOT NULL,
  `reject_by` int(2) NOT NULL DEFAULT 0
) ENGINE=InnoDB DEFAULT CHARSET=utf8mb4;

--
-- Dumping data for table `order_subscription`
--

INSERT INTO `order_subscription` (`id`, `customer_id`, `vendor_id`, `food_id`, `serve_time`, `food_type`, `food_price`, `package_duration`, `subscription_price`, `vendor_earning`, `admin_earning`, `start_date`, `end_date`, `accept_reject`, `subscription_date`, `subscription_datetime`, `is_paid`, `delivery_lat`, `delivery_lng`, `delivery_address`, `delivery_landmark`, `reject_by`) VALUES
(1, 3, 4, '35', 2, 2, 250, 7, 1750, 1575, 175, '2021-10-01', '2021-10-07', 1, '2021-10-01', '2021-10-01 00:00:00', 1, '', '', '', '', 0),
(2, 3, 4, '36', 1, 2, 250, 10, 2500, 2250, 250, '2021-10-01', '2021-10-10', 0, '2021-10-01', '2021-10-01 00:00:00', 1, '', '', '', '', 0),
(7, 4, 4, '[\"38\",\"38\",\"38\",\"38\",\"38\",\"38\",\"38\"]', 1, 0, 0, 7, 350, 315, 35, '2021-12-16', '2021-12-22', 1, '2021-12-15', '2021-12-15 08:14:08', 1, '20.2903006', '85.8178939', 'bbs', '', 0),
(8, 4, 4, '[\"38\",\"38\",\"38\",\"38\",\"38\",\"38\",\"38\"]', 1, 0, 0, 7, 350, 315, 35, '2021-12-17', '2021-12-23', 0, '2021-12-16', '2021-12-16 13:01:02', 1, '20.2903006', '85.8178939', 'bbs', '', 0),
(9, 4, 4, '[\"36\",\"36\",\"36\",\"36\",\"36\",\"36\",\"36\",\"36\",\"36\",\"36\",\"36\"]', 3, 0, 0, 10, 2500, 2250, 250, '2021-12-17', '2021-12-27', 0, '2021-12-16', '2021-12-16 17:43:46', 1, '20.321871289776624', '85.81306709889243', 'Care hospital ', '', 0),
(10, 4, 4, '[\"35\",\"35\",\"35\",\"35\",\"35\",\"35\",\"35\",\"35\",\"35\",\"35\",\"35\",\"35\",\"35\",\"35\"]', 2, 0, 0, 13, 3250, 2925, 325, '2021-12-18', '2021-12-31', 0, '2021-12-17', '2021-12-17 05:57:18', 1, '20.2981244', '85.8226476', 'Bbs', '', 0),
(11, 4, 4, '[\"38\",\"38\",\"38\",\"38\",\"38\",\"38\",\"38\"]', 1, 0, 0, 7, 350, 315, 35, '2021-12-18', '2021-12-24', 0, '2021-12-17', '2021-12-17 10:22:15', 1, '20.2981248', '85.8226499', 'Bbsr', '', 0),
(12, 8, 4, '[\"35\",\"35\",\"35\",\"35\",\"35\",\"35\",\"35\"]', 2, 0, 0, 7, 1750, 1575, 175, '2021-12-18', '2021-12-24', 0, '2021-12-17', '2021-12-17 11:52:42', 1, '20.3491986', '85.8270256', 'Bhubaneswar', '', 0),
(13, 8, 4, '[\"35\",\"35\",\"35\",\"35\",\"35\",\"35\",\"35\"]', 2, 0, 0, 7, 350, 315, 35, '2021-12-19', '2021-12-25', 0, '2021-12-18', '2021-12-17 19:32:28', 1, '20.3485909', '85.8271506', 'Gttt', '', 0),
(14, 9, 4, '[\"38\",\"38\",\"38\",\"38\",\"38\",\"38\",\"38\"]', 1, 0, 0, 7, 350, 315, 35, '2021-12-25', '2021-12-31', 1, '2021-12-24', '2021-12-23 18:55:32', 1, '20.348787593755457', '85.82663933053063', 'Hhff', '', 0),
(15, 4, 4, '[\"35\",\"35\",\"35\",\"35\",\"35\",\"35\",\"35\"]', 2, 0, 0, 7, 1750, 1575, 175, '2021-12-28', '2022-01-03', 1, '2021-12-27', '2021-12-27 06:55:31', 1, '20.2981077', '85.8226403', 'Office', 'Pal heights', 0),
(16, 9, 4, '[\"35\",\"35\",\"35\",\"35\",\"35\",\"35\",\"35\",\"35\",\"35\",\"35\",\"35\",\"35\",\"35\",\"35\",\"35\"]', 2, 0, 0, 15, 3750, 3375, 375, '2021-12-28', '2022-01-11', 0, '2021-12-27', '2021-12-27 08:44:36', 1, '20.3491986', '85.8270256', 'Hgvbn', 'Bbbb', 0),
(17, 9, 4, '[\"38\",\"38\",\"38\",\"38\",\"38\",\"38\",\"38\"]', 1, 0, 0, 7, 350, 315, 35, '2021-12-28', '2022-01-03', 0, '2021-12-27', '2021-12-27 12:04:54', 1, '20.349081961436017', '85.82728670122157', 'Hgtg', 'Vvv', 0),
(18, 9, 4, '[\"38\",\"38\",\"38\",\"38\",\"38\",\"38\",\"38\"]', 1, 0, 0, 7, 350, 315, 35, '2021-12-28', '2022-01-03', 0, '2021-12-27', '2021-12-27 12:27:24', 1, '20.349074848805603', '85.82701259069692', 'Hdfhh', 'Bbvv', 0),
(19, 9, 5, '[\"37\",\"37\",\"37\",\"37\",\"37\",\"37\",\"37\"]', 1, 0, 0, 7, 210, 189, 21, '2022-01-11', '2022-01-17', 0, '2022-01-10', '2022-01-10 09:12:17', 1, '21.2142097', '86.1034413', 'Jcjffjuufjjuuc', 'Jcjcjvu', 0),
(20, 9, 4, '[\"38\",\"38\",\"38\",\"38\",\"38\",\"38\",\"38\"]', 1, 0, 0, 7, 350, 315, 35, '2022-01-14', '2022-01-20', 1, '2022-01-13', '2022-01-13 14:49:11', 1, '21.2140865', '86.1037902', 'H', 'Vsgxg', 0),
(21, 4, 4, '[\"35\",\"35\",\"35\",\"35\",\"35\",\"35\",\"35\"]', 2, 0, 0, 7, 1750, 1575, 175, '2022-01-15', '2022-01-21', 2, '2022-01-14', '2022-01-14 11:49:18', 1, '20.2981033', '85.8226264', 'New address', 'New landmark', 2),
(22, 9, 4, '[\"35\",\"35\",\"35\",\"35\",\"35\",\"35\",\"35\"]', 2, 0, 0, 7, 1750, 1575, 175, '2022-01-15', '2022-01-21', 1, '2022-01-14', '2022-01-14 14:00:16', 1, '21.2138451', '86.1037597', 'Jsjxjd', 'Hsjdj', 0),
(23, 9, 4, '[\"36\",\"36\",\"36\",\"36\",\"36\",\"36\",\"36\"]', 3, 0, 0, 7, 1750, 1575, 175, '2022-01-15', '2022-01-21', 1, '2022-01-14', '2022-01-14 14:37:37', 1, '21.2138451', '86.1037597', 'Hshhd', 'Hdudu', 0),
(24, 14, 4, '[\"38\",\"38\",\"38\",\"38\",\"38\",\"38\",\"38\"]', 1, 0, 0, 7, 350, 315, 35, '2022-01-15', '2022-01-21', 1, '2022-01-14', '2022-01-14 17:31:10', 1, '20.348162732642724', '85.82664003136458', 'Hsjdh', 'Jsjdj', 0),
(25, 14, 4, '[\"35\",\"35\",\"35\",\"35\",\"35\",\"35\",\"35\"]', 2, 0, 0, 7, 1750, 1575, 175, '2022-01-16', '2022-01-22', 1, '2022-01-15', '2022-01-15 13:01:36', 1, '21.214855493044197', '86.10542322566513', 'Jsjdj', 'Hshs', 0),
(26, 14, 4, '[\"36\",\"36\",\"36\",\"36\",\"36\",\"36\",\"36\"]', 3, 0, 0, 7, 1750, 1575, 175, '2022-01-17', '2022-01-23', 0, '2022-01-16', '2022-01-16 07:21:48', 1, '21.214911', '86.1089607', 'Bbshd', 'Hehej', 0),
(27, 14, 4, '[\"36\",\"36\",\"36\",\"36\",\"36\",\"36\",\"36\"]', 3, 0, 0, 7, 1750, 1575, 175, '2022-01-18', '2022-01-24', 0, '2022-01-17', '2022-01-17 17:53:58', 1, '21.213751117490506', '86.10527952570176', 'Yshsn', 'Msjdj', 0),
(28, 4, 4, '[\"36\",\"36\",\"36\",\"36\",\"36\",\"36\",\"36\",\"36\",\"36\",\"36\",\"36\",\"36\",\"36\",\"36\",\"36\"]', 3, 0, 0, 15, 3750, 3375, 375, '2022-01-24', '2022-02-07', 1, '2022-01-23', '2022-01-23 14:32:41', 1, '20.335417304107338', '85.82125855819177', 'Gkbmvc', 'Nvnmnvn', 0),
(29, 14, 4, '[\"36\",\"36\",\"36\",\"36\",\"36\",\"36\",\"36\"]', 3, 0, 0, 7, 1750, 1575, 175, '2022-02-26', '2022-03-04', 0, '2022-02-25', '2022-02-25 16:16:00', 1, '20.3485345', '85.827018', 'Bxhhx', 'Hcjcj', 0),
(30, 4, 4, '[\"38\",\"38\",\"38\",\"38\",\"38\",\"38\",\"38\"]', 1, 0, 0, 7, 350, 315, 35, '2022-03-16', '2022-03-22', 0, '2022-03-15', '2022-03-15 06:24:00', 1, '20.2981422', '85.8226023', 'Sealdah, Raja Bazar, Kolkata, West Bengal 700014, India', 'Bnnensnn', 0),
(32, 4, 4, '[\"38\",\"38\",\"38\",\"38\",\"38\",\"38\",\"38\"]', 1, 0, 0, 7, 350, 315, 35, '2022-03-26', '2022-04-01', 1, '2022-03-25', '2022-03-25 04:46:35', 1, '20.2981415', '85.8226348', 'Tea', 'Tws', 0),
(33, 4, 4, '[\"35\",\"35\",\"35\",\"35\",\"35\",\"35\",\"35\",\"35\",\"35\",\"35\",\"35\",\"35\",\"35\",\"35\",\"35\"]', 2, 0, 0, 15, 3750, 3375, 375, '2022-03-26', '2022-04-09', 1, '2022-03-25', '2022-03-25 04:47:07', 1, '20.2981401', '85.8226262', 'Lunch', 'Lunch', 0),
(34, 4, 4, '[\"36\",\"36\",\"36\",\"36\",\"36\",\"36\",\"36\",\"36\",\"36\",\"36\",\"36\",\"36\",\"36\",\"36\",\"36\",\"36\",\"36\",\"36\",\"36\",\"36\",\"36\",\"36\",\"36\",\"36\",\"36\",\"36\",\"36\",\"36\",\"36\",\"36\"]', 3, 0, 0, 30, 7500, 6750, 750, '2022-03-26', '2022-04-24', 1, '2022-03-25', '2022-03-25 04:47:26', 1, '20.298144', '85.822637', 'Din', 'Din', 0),
(35, 14, 4, '[\"35\",\"35\",\"35\",\"35\",\"35\",\"35\",\"35\"]', 2, 0, 0, 7, 1750, 1575, 175, '2022-03-30', '2022-04-05', 1, '2022-03-29', '2022-03-29 13:39:31', 1, '20.343096', '85.8195142', 'Hbcx', 'Vhhn', 0),
(36, 14, 4, '[\"36\",\"36\",\"36\",\"36\",\"36\",\"36\",\"36\",\"36\",\"36\",\"36\",\"36\",\"36\",\"36\",\"36\",\"36\"]', 3, 0, 0, 15, 3750, 3375, 375, '2022-03-31', '2022-04-14', 1, '2022-03-30', '2022-03-29 19:01:34', 1, '20.3485874', '85.827004', 'Gvvg', 'Vggg', 0),
(37, 14, 4, '[\"36\",\"36\",\"36\",\"36\",\"36\",\"36\",\"36\"]', 3, 0, 0, 7, 1750, 1575, 175, '2022-03-31', '2022-04-06', 1, '2022-03-30', '2022-03-30 15:29:22', 1, '20.3535898', '85.8236446', 'Bxjx', 'Bxjdj', 0),
(38, 4, 4, '[\"38\",\"38\",\"38\",\"38\",\"38\",\"38\",\"38\"]', 1, 0, 0, 7, 350, 315, 35, '2022-04-10', '2022-04-16', 1, '2022-04-09', '2022-04-09 04:27:42', 1, '', '', 'Xyz', 'Xyzzz', 0),
(39, 4, 4, '[\"38\",\"38\",\"38\",\"38\",\"38\",\"38\",\"38\"]', 1, 0, 0, 7, 350, 315, 35, '2022-04-10', '2022-04-16', 1, '2022-04-09', '2022-04-09 04:39:45', 1, '', '', 'Qwerty', 'Qwerty', 0),
(40, 14, 5, '[\"37\",\"37\",\"37\",\"37\",\"37\",\"37\",\"37\"]', 1, 0, 0, 7, 210, 189, 21, '2022-04-12', '2022-04-18', 0, '2022-04-11', '2022-04-10 19:11:47', 1, '20.3485936', '85.8270039', 'Hxhdhd', 'Hdhdh', 0),
(41, 14, 4, '[\"38\",\"38\",\"38\",\"38\",\"38\",\"38\",\"38\"]', 1, 0, 0, 7, 350, 315, 35, '2022-04-12', '2022-04-18', 1, '2022-04-11', '2022-04-10 19:12:44', 1, '20.3485938', '85.8270211', 'Hxjf', 'Hdhjd', 0),
(42, 16, 4, '[\"38\",\"38\",\"38\",\"38\",\"38\",\"38\",\"38\"]', 1, 0, 0, 7, 350, 315, 35, '2022-04-13', '2022-04-19', 0, '2022-04-12', '2022-04-12 03:23:13', 1, '20.3486051', '85.8270107', 'Idco Info Park, Technology Corridor, Chandaka Industrial Estate, Patia, Chandaka Industrial Estate, Patia, Bhubaneswar, Odisha 751024, India', 'East view apartment', 0),
(43, 14, 5, '[\"37\",\"37\",\"37\",\"37\",\"37\",\"37\",\"37\"]', 1, 0, 0, 7, 210, 189, 21, '2022-04-20', '2022-04-26', 0, '2022-04-19', '2022-04-19 06:13:08', 1, '20.3486046', '85.827008', 'Hhtf', 'Grtjj', 0),
(44, 14, 7, '[\"0\",\"0\",\"0\",\"0\",\"0\",\"0\",\"0\"]', 1, 0, 0, 7, 0, 0, 0, '2022-05-10', '2022-05-16', 0, '2022-05-09', '2022-05-09 12:30:03', 1, '21.2151193', '86.1052873', 'Jdjdjjrjnf', 'Bdjfjfu', 0),
(45, 14, 5, '[\"39\",\"39\",\"39\",\"39\",\"39\",\"39\",\"39\"]', 2, 0, 0, 7, 350, 315, 35, '2022-05-10', '2022-05-16', 0, '2022-05-09', '2022-05-09 15:28:36', 1, '21.2138524', '86.104078', 'Hhhdd', 'Gdhdh', 0),
(46, 14, 4, '[\"35\",\"35\",\"35\",\"35\",\"35\",\"35\",\"35\"]', 2, 0, 0, 7, 1750, 1575, 175, '2022-05-12', '2022-05-18', 1, '2022-05-11', '2022-05-11 15:38:24', 1, '21.2145817', '86.1034413', 'Hshhd', 'Gdhdhd', 0),
(47, 14, 4, '[\"35\",\"35\",\"35\",\"35\",\"35\",\"35\",\"35\"]', 2, 0, 0, 7, 1750, 1575, 175, '2022-05-23', '2022-05-29', 1, '2022-05-22', '2022-05-21 19:44:20', 1, '20.3485733', '85.827001', 'Jdjdnjf', 'Jzjxjxj', 0),
(48, 14, 4, '[\"35\",\"35\",\"35\",\"35\",\"35\",\"35\",\"35\",\"35\",\"35\",\"35\",\"35\",\"35\",\"35\",\"35\",\"35\"]', 2, 0, 0, 15, 3750, 3375, 375, '2022-05-23', '2022-06-06', 1, '2022-05-22', '2022-05-21 19:51:25', 1, '20.3485732', '85.8269923', 'Jzjnd', 'Nddn', 0),
(49, 14, 7, '[\"48\",\"47\",\"48\",\"47\",\"48\",\"47\",\"47\"]', 2, 0, 0, 7, 420, 378, 42, '2022-05-24', '2022-05-30', 0, '2022-05-23', '2022-05-23 18:18:04', 1, '20.3485749', '85.826998', 'Jggjj', 'Gdfj', 0),
(50, 14, 5, '[\"37\",\"37\",\"37\",\"37\",\"37\",\"37\",\"37\"]', 1, 0, 0, 7, 210, 189, 21, '2022-07-05', '2022-07-11', 0, '2022-07-04', '2022-07-04 05:48:18', 1, '20.3495026', '85.8398254', 'Hhh', 'Fghh', 0),
(51, 25, 7, '[\"52\",\"51\",\"52\",\"51\",\"51\",\"52\",\"51\"]', 3, 0, 0, 7, 390, 351, 39, '2022-07-12', '2022-07-18', 1, '2022-07-11', '2022-07-11 17:00:58', 1, '20.3485823', '85.8272891', 'Fgjj', 'Fvhn', 0),
(52, 27, 7, '[\"47\",\"48\",\"47\",\"48\",\"47\",\"48\",\"47\"]', 2, 0, 0, 7, 420, 378, 42, '2022-08-15', '2022-08-21', 0, '2022-08-14', '2022-08-13 20:37:33', 1, '20.348442764338564', '85.8270155998329', 'Jejjr', 'Jejr', 0);

-- --------------------------------------------------------

--
-- Table structure for table `package_duration`
--

CREATE TABLE `package_duration` (
  `id` int(11) NOT NULL,
  `no_of_days` int(100) NOT NULL,
  `pkg_info` text NOT NULL,
  `created_at` datetime NOT NULL DEFAULT current_timestamp()
) ENGINE=InnoDB DEFAULT CHARSET=utf8mb4;

--
-- Dumping data for table `package_duration`
--

INSERT INTO `package_duration` (`id`, `no_of_days`, `pkg_info`, `created_at`) VALUES
(1, 7, '7 Days', '2021-10-01 05:38:09');

-- --------------------------------------------------------

--
-- Table structure for table `password_reset_temp`
--

CREATE TABLE `password_reset_temp` (
  `id` int(100) NOT NULL,
  `email` varchar(100) NOT NULL,
  `key_id` varchar(100) NOT NULL,
  `expDate` varchar(100) NOT NULL
) ENGINE=InnoDB DEFAULT CHARSET=utf8;

--
-- Dumping data for table `password_reset_temp`
--

INSERT INTO `password_reset_temp` (`id`, `email`, `key_id`, `expDate`) VALUES
(8, 'amresh.hackerak@gmail.com', '4dff2ed14879fcfc06b8ec9768f582e4ff8e04e4d0', '2021-12-18 10:44:59'),
(9, 'mohitds96@gmail.com', '3f3d9a976b039b3e81d6e677658d6c4526fdcd4916', '2022-04-13 08:46:55'),
(10, 'mohitds96@gmail.com', '3f3d9a976b039b3e81d6e677658d6c45eedcb43464', '2022-04-13 08:47:28'),
(11, 'amresh.hackerak@gmail.com', '4dff2ed14879fcfc06b8ec9768f582e4632b8edcda', '2022-05-10 10:52:31'),
(12, 'amresh.hackerak@gmail.com', '4dff2ed14879fcfc06b8ec9768f582e4de649119bb', '2022-05-10 12:28:51'),
(13, 'ksardaji@gmail.com', '37ea15708b7a189695275eb3014224332ff8f76c0b', '2022-05-10 21:29:23'),
(14, 'ksardaji@gmail.com', '37ea15708b7a189695275eb301422433b09996ae08', '2022-05-10 21:30:15'),
(15, 'mohitds96@gmail.com', '3f3d9a976b039b3e81d6e677658d6c452636d90122', '2022-05-23 09:31:32'),
(16, 'mohitds96@gmail.com', '3f3d9a976b039b3e81d6e677658d6c4527177fd0f2', '2022-05-23 09:33:22');

-- --------------------------------------------------------

--
-- Table structure for table `settings`
--

CREATE TABLE `settings` (
  `id` int(100) NOT NULL,
  `key_id` varchar(100) NOT NULL,
  `value` longtext NOT NULL
) ENGINE=InnoDB DEFAULT CHARSET=utf8;

--
-- Dumping data for table `settings`
--

INSERT INTO `settings` (`id`, `key_id`, `value`) VALUES
(1, 'about', '<p><strong>about us&nbsp;</strong></p>\r\n<p>kkkkkk</p>'),
(2, 'terms', 'What is Lorem Ipsum?\r\nLorem Ipsum is simply dummy text of the printing and typesetting industry. Lorem Ipsum has been the industry\'s standard dummy text ever since the 1500s, when an unknown printer took a galley of type and scrambled it to make a type specimen book. It has survived not only five centuries, but also the leap into electronic typesetting, remaining essentially unchanged. It was popularised in the 1960s with the release of Letraset sheets containing Lorem Ipsum passages, and more recently with desktop publishing software like Aldus PageMaker including versions of Lorem Ipsum.'),
(3, 'privacy', '<p class=\"MsoNormal\">This Privacy Policy (&ldquo;Policy&rdquo;) describes the policies and procedures on the collection, use, disclosure and protection of your information when you use our website located at WahMeal.in, or the Wah Meal mobile application (collectively, &ldquo;Wah Meal Platform&rdquo;) (&ldquo;Wah Meal&rdquo;, &ldquo;Company&rdquo;, &ldquo;we&rdquo;, &ldquo;us&rdquo; and &ldquo;our&rdquo;),<span style=\"mso-spacerun: yes;\">&nbsp; </span>a private company established under the laws of India having its registered office at Bhubaneswar</p>\r\n<p class=\"MsoNormal\">&nbsp;</p>\r\n<p class=\"MsoNormal\">The terms &ldquo;you&rdquo; and &ldquo;your&rdquo; refer to the user of the Wah Meal Platform. The term &ldquo;Services&rdquo; refers to any services offered by Wah Meal whether on the Wah Meal Platform or otherwise.</p>\r\n<p class=\"MsoNormal\">&nbsp;</p>\r\n<p class=\"MsoNormal\">Please read this Policy before using the Wah Meal Platform or submitting any personal information to Wah Meal. This Policy is a part of and incorporated within, and is to be read along with, the Terms of Use.</p>\r\n<p class=\"MsoNormal\">&nbsp;</p>\r\n<p class=\"MsoNormal\">YOUR CONSENT</p>\r\n<p class=\"MsoNormal\">&nbsp;</p>\r\n<p class=\"MsoNormal\">By using the Wah Meal Platform and the Services, you agree and consent to the collection, transfer, use, storage, disclosure and sharing of your information as described and collected by us in accordance with this Policy.<span style=\"mso-spacerun: yes;\">&nbsp; </span>If you do not agree with the Policy, please do not use or access the Wah Meal Platform.</p>\r\n<p class=\"MsoNormal\">&nbsp;</p>\r\n<p class=\"MsoNormal\">POLICY CHANGES</p>\r\n<p class=\"MsoNormal\">&nbsp;</p>\r\n<p class=\"MsoNormal\">We may occasionally update this Policy and such changes will be posted on this page. If we make any significant changes to this Policy we will endeavour to provide you with reasonable notice of such changes, such as via prominent notice on the Wah Meal Platform or to your email address on record and where required by applicable law, we will obtain your consent. To the extent permitted under the applicable law, your continued use of our Services after we publish or send a notice about our changes to this Policy shall constitute your consent to the updated Policy.</p>\r\n<p class=\"MsoNormal\">&nbsp;</p>\r\n<p class=\"MsoNormal\">LINKS TO OTHER WEBSITES</p>\r\n<p class=\"MsoNormal\">&nbsp;</p>\r\n<p class=\"MsoNormal\">The Wah Meal Platform may contain links to other websites. Any personal information about you collected whilst visiting such websites is not governed by this Policy. Wah Meal shall not be responsible for and has no control over the practices and content of any website accessed using the links contained on the Wah Meal Platform. This Policy shall not apply to any information you may disclose to any of our service providers/service personnel which we do not require you to disclose to us or any of our service providers under this Policy.</p>\r\n<p class=\"MsoNormal\">&nbsp;</p>\r\n<p class=\"MsoNormal\">INFORMATION WE COLLECT FROM YOU</p>\r\n<p class=\"MsoNormal\">&nbsp;</p>\r\n<p class=\"MsoNormal\">Device Information: In order to improve your app experience and lend stability to our services to you, we may collect information or employ third party plugins that collect information about the devices you use to access our Services, including the hardware models, operating systems and versions, software, file names and versions, preferred languages, unique device identifiers, advertising identifiers, serial numbers, device motion information, mobile network information, installed applications on device and phone state. The information collected thus will be disclosed to or collected directly by these plugins and may be used to improve the content and/or functionality of the services offered to you. Analytics companies may use mobile device IDs to track your usage of the Wah Meal Platform;</p>\r\n<p class=\"MsoNormal\">&nbsp;</p>\r\n<p class=\"MsoNormal\">COOKIES</p>\r\n<p class=\"MsoNormal\">&nbsp;</p>\r\n<p class=\"MsoNormal\">Our Wah Meal Platform and third parties with whom we partner, may use cookies, pixel tags, web beacons, mobile device IDs, &ldquo;flash cookies&rdquo; and similar files or technologies to collect and store information with respect to your use of the Services and third-party websites.</p>\r\n<p class=\"MsoNormal\">&nbsp;</p>\r\n<p class=\"MsoNormal\">Cookies are small files that are stored on your browser or device by websites, apps, online media and advertisements. We use cookies and similar technologies for purposes such as:</p>\r\n<p class=\"MsoNormal\">&nbsp;</p>\r\n<p class=\"MsoNormal\">Authenticating users;</p>\r\n<p class=\"MsoNormal\">Remembering user preferences and settings;</p>\r\n<p class=\"MsoNormal\">Determining the popularity of content;</p>\r\n<p class=\"MsoNormal\">Delivering and measuring the effectiveness of advertising campaigns;</p>\r\n<p class=\"MsoNormal\">Analysing site traffic and trends, and generally understanding the online behaviours and interests of people who interact with our services.</p>\r\n<p class=\"MsoNormal\">A pixel tag (also called a web beacon or clear GIF) is a tiny graphic with a unique identifier, embedded invisibly on a webpage (or an online ad or email), and is used to count or track things like activity on a webpage or ad impressions or clicks, as well as to access cookies stored on users&rsquo; computers. We use pixel tags to measure the popularity of our various pages, features and services. We also may include web beacons in e-mail messages or newsletters to determine whether the message has been opened and for other analytics.</p>\r\n<p class=\"MsoNormal\">&nbsp;</p>\r\n<p class=\"MsoNormal\">To modify your cookie settings, please visit your browser&rsquo;s settings. By using our Services with your browser settings to accept cookies, you are consenting to our use of cookies in the manner described in this section.</p>\r\n<p class=\"MsoNormal\">&nbsp;</p>\r\n<p class=\"MsoNormal\">We may also allow third parties to provide audience measurement and analytics services for us, to serve advertisements on our behalf across the Internet, and to track and report on the performance of those advertisements. These entities may use cookies, web beacons, SDKs and other technologies to identify your device when you visit the Wah Meal Platform and use our Services, as well as when you visit other online sites and services.</p>\r\n<p class=\"MsoNormal\">&nbsp;</p>\r\n<p class=\"MsoNormal\">Please see our Cookie Policy for more information regarding the use of cookies and other technologies described in this section, including regarding your choices relating to such technologies.</p>\r\n<p class=\"MsoNormal\">&nbsp;</p>\r\n<p class=\"MsoNormal\">USES OF YOUR INFORMATION</p>\r\n<p class=\"MsoNormal\">&nbsp;</p>\r\n<p class=\"MsoNormal\">We use the information we collect for following purposes, including:</p>\r\n<p class=\"MsoNormal\">To provide, personalise, maintain and improve our products and services, such as to enable deliveries and other services, enable features to personalise your Wah Meal account;</p>\r\n<p class=\"MsoNormal\">To carry out our obligations arising from any contracts entered into between you and us and to provide you with the relevant information and services;</p>\r\n<p class=\"MsoNormal\">To administer and enhance the security of our Wah Meal Platform and for internal operations, including troubleshooting, data analysis, testing, research, statistical and survey purposes;</p>\r\n<p class=\"MsoNormal\">To provide you with information about services we consider similar to those that you are already using, or have enquired about, or may interest you. If you are a registered user, we will contact you by electronic means (e-mail or SMS or telephone or other internet based instant messaging systems) with information about these services;</p>\r\n<p class=\"MsoNormal\">To understand our users (what they do on our Services, what features they like, how they use them, etc.), improve the content and features of our Services (such as by personalizing content to your interests), process and complete your transactions, make special offers, provide customer support, process and respond to your queries;</p>\r\n<p class=\"MsoNormal\">To generate and review reports and data about, and to conduct research on, our user base and Service usage patterns;</p>\r\n<p class=\"MsoNormal\">To allow you to participate in interactive features of our Services, if any; or</p>\r\n<p class=\"MsoNormal\">To measure or understand the effectiveness of advertising we serve to you and others, and to deliver relevant advertising to you.</p>\r\n<p class=\"MsoNormal\">If you are a partner restaurant or merchant or delivery partner, to track the progress of delivery or status of the order placed by our customers.</p>\r\n<p class=\"MsoNormal\">to carry out academic research with academic partners.</p>\r\n<p class=\"MsoNormal\">We may combine the information that we receive from third parties with the information you give to us and information we collect about you for the purposes set out above.<span style=\"mso-spacerun: yes;\">&nbsp; </span>Further, we may anonymize and/or de-identify information collected from you through the Services or via other means, including via the use of third-party web analytic tools. As a result, our use and disclosure of aggregated and/or de-identified information is not restricted by this Policy, and it may be used and disclosed to others without limitation.</p>\r\n<p class=\"MsoNormal\">&nbsp;</p>\r\n<p class=\"MsoNormal\">We analyse the log files of our Wah Meal Platform that may contain Internet Protocol (IP) addresses, browser type and language, Internet service provider (ISP), referring, app crashes, page viewed and exit websites and applications, operating system, date/time stamp, and clickstream data. This helps us to administer the website, to learn about user behavior on the site, to improve our product and services, and to gather demographic information about our user base as a whole.</p>\r\n<p class=\"MsoNormal\">&nbsp;</p>\r\n<p class=\"MsoNormal\">DISCLOSURE AND DISTRIBUTION OF YOUR INFORMATION</p>\r\n<p class=\"MsoNormal\">&nbsp;</p>\r\n<p class=\"MsoNormal\">We may share your information that we collect for following purposes:</p>\r\n<p class=\"MsoNormal\">&nbsp;</p>\r\n<p class=\"MsoNormal\">With Service Providers: We may share your information with our vendors, consultants, marketing partners, research firms and other service providers or business partners, such as Payment processing companies, to support our business. For example, your information may be shared with outside vendors to send you emails and messages or push notifications to your devices in relation to our Services, to help us analyze and improve the use of our Services, to process and collect payments. We also may use vendors for other projects, such as conducting surveys or organizing sweepstakes for us.</p>\r\n<p class=\"MsoNormal\">With Partner Restaurants/Merchant: While you place a request to order food through the Wah Meal Platform, your information is provided to us and to the restaurants/merchants with whom you may choose to order. In order to facilitate your online food order processing, we provide your information to that restaurant/merchant in a similar manner as if you had made a food order directly with the restaurant. If you provide a mobile phone number, Wah Meal may send you text messages regarding the order&rsquo;s delivery status.</p>\r\n<p class=\"MsoNormal\">With Academic Partners: We may share your information with our academic partners for the purpose of carrying out academic research.</p>\r\n<p class=\"MsoNormal\">With Other Users: If you are a delivery partner, we may share your name, phone number and/or profile picture (if applicable), tracking details with other users to provide them the Services.</p>\r\n<p class=\"MsoNormal\">For Crime Prevention or Investigation: We may share this information with governmental agencies or other companies assisting us, when we are:</p>\r\n<p class=\"MsoNormal\">Obligated under the applicable laws or in good faith to respond to court orders and processes; or</p>\r\n<p class=\"MsoNormal\">Detecting and preventing against actual or potential occurrence of identity theft, fraud, abuse of Services and other illegal acts;</p>\r\n<p class=\"MsoNormal\">Responding to claims that an advertisement, posting or other content violates the intellectual property rights of a third party;</p>\r\n<p class=\"MsoNormal\">Under a duty to disclose or share your personal data in order to enforce our Terms of Use and other agreements, policies or to protect the rights, property, or safety of the Company, our customers, or others, or in the event of a claim or dispute relating to your use of our Services. This includes exchanging information with other companies and organisations for the purposes of fraud detection and credit risk reduction.</p>\r\n<p class=\"MsoNormal\">For Internal Use: We may share your information with any present or future member of our &ldquo;Group&rdquo; (as defined below)or affiliates for our internal business purposes The term &ldquo;Group&rdquo; means, with respect to any person, any entity that is controlled by such person, or any entity that controls such person, or any entity that is under common control with such person, whether directly or indirectly, or, in the case of a natural person, any Relative (as such term is defined in the Companies Act, 1956 and Companies Act, 2013 to the extent applicable) of such person.</p>\r\n<p class=\"MsoNormal\">With Advertisers and advertising networks: We may work with third parties such as network advertisers to serve advertisements on the Wah Meal Platform and on third-party websites or other media (e.g., social networking platforms). These third parties may use cookies, JavaScript, web beacons (including clear GIFs), Flash LSOs and other tracking technologies to measure the effectiveness of their ads and to personalize advertising content to you.</p>\r\n<p class=\"MsoNormal\">While you cannot opt out of advertising on the Wah Meal Platform, you may opt out of much interest-based advertising on third party sites and through third party ad networks (including DoubleClick Ad Exchange, Facebook Audience Network and Google AdSense). For more information, visit www.aboutads.info/choices. Opting out means that you will no longer receive personalized ads by third parties ad networks from which you have opted out, which is based on your browsing information across multiple sites and online services. If you delete cookies or change devices, your opt out may no longer be effective.</p>\r\n<p class=\"MsoNormal\">&nbsp;</p>\r\n<p class=\"MsoNormal\">To fulfill the purpose for which you provide it.</p>\r\n<p class=\"MsoNormal\">We may share your information other than as described in this Policy if we notify you and you consent to the sharing.</p>\r\n<p class=\"MsoNormal\"><span style=\"mso-spacerun: yes;\">&nbsp;</span></p>\r\n<p class=\"MsoNormal\">&nbsp;</p>\r\n<p class=\"MsoNormal\">DATA SECURITY PRECAUTIONS</p>\r\n<p class=\"MsoNormal\">&nbsp;</p>\r\n<p class=\"MsoNormal\">We have in place appropriate technical and security measures to secure the information collected by us.</p>\r\n<p class=\"MsoNormal\">&nbsp;</p>\r\n<p class=\"MsoNormal\">We use vault and tokenization services from third party service providers to protect the sensitive personal information provided by you. The third-party service providers with respect to our vault and tokenization services and our payment gateway and payment processing are compliant with the payment card industry standard (generally referred to as PCI compliant service providers). You are advised not to send your full credit/debit card details through unencrypted electronic platforms. Where we have given you (or where you have chosen) a username and password which enables you to access certain parts of the Wah Meal Platform, you are responsible for keeping these details confidential. We ask you not to share your password with anyone.</p>\r\n<p class=\"MsoNormal\">&nbsp;</p>\r\n<p class=\"MsoNormal\">Please we aware that the transmission of information via the internet is not completely secure. Although we will do our best to protect your personal data, we cannot guarantee the security of your data transmitted through the Wah Meal Platform. Once we have received your information, we will use strict physical, electronic, and procedural safeguards to try to prevent unauthorised access.</p>\r\n<p class=\"MsoNormal\">&nbsp;</p>\r\n<p class=\"MsoNormal\">OPT-OUT</p>\r\n<p class=\"MsoNormal\">&nbsp;</p>\r\n<p class=\"MsoNormal\">When you sign up for an account, you are opting in to receive emails from Wah Meal. You can log in to manage your email preferences [here] or you can follow the &ldquo;unsubscribe&rdquo; instructions in commercial email messages, but note that you cannot opt out of receiving certain administrative notices, service notices, or legal notices from Wah Meal.</p>\r\n<p class=\"MsoNormal\">&nbsp;</p>\r\n<p class=\"MsoNormal\">If you wish to withdraw your consent for the use and disclosure of your personal information in the manner provided in this Policy or you want your data to be deleted, please write to us at support@WahMeal.in. Please note that we may take time to process such requests, and your request shall take effect no later than 5 (Five) business days from the receipt of such request, after which we will not use your personal data for any processing unless required by us to comply with our legal obligations. We may not be able offer you any or all Services upon such withdrawal of your consent.</p>\r\n<p class=\"MsoNormal\">&nbsp;</p>\r\n<p class=\"MsoNormal\">GRIEVANCE OFFICER AND Wah Meal PLATFORM SECURITY</p>\r\n<p class=\"MsoNormal\">&nbsp;</p>\r\n<p class=\"MsoNormal\">If you have any queries relating to the processing or usage of information provided by you in connection with this Policy, please email us at support@WahMeal.in or write to our Grievance Officer at the following address:</p>\r\n<p class=\"MsoNormal\">&nbsp;</p>\r\n<p class=\"MsoNormal\">Wah Meal Grievance Officer</p>\r\n<p class=\"MsoNormal\">grievance@wahmeal.in</p>\r\n<p class=\"MsoNormal\">If you come across any abuse or violation of the Policy, please report to grievances@WahMeal.in</p>\r\n<p class=\"MsoNormal\">&nbsp;</p>'),
(4, 'refund', 'What is Lorem Ipsum?\r\nLorem Ipsum is simply dummy text of the printing and typesetting industry. Lorem Ipsum has been the industry\'s standard dummy text ever since the 1500s, when an unknown printer took a galley of type and scrambled it to make a type specimen book. It has survived not only five centuries, but also the leap into electronic typesetting, remaining essentially unchanged. It was popularised in the 1960s with the release of Letraset sheets containing Lorem Ipsum passages, and more recently with desktop publishing software like Aldus PageMaker including versions of Lorem Ipsum.'),
(5, 'phone', '8436632010'),
(6, 'email', 'admin@wahmeal.in'),
(7, 'address', 'Khandagiri, Bhubaneswar'),
(8, 'commission', '10');

-- --------------------------------------------------------

--
-- Table structure for table `vendors`
--

CREATE TABLE `vendors` (
  `id` int(11) NOT NULL,
  `fullname` varchar(100) NOT NULL,
  `email` varchar(100) NOT NULL,
  `phone` varchar(100) NOT NULL,
  `password` varchar(100) NOT NULL,
  `lat` varchar(100) NOT NULL,
  `lng` varchar(100) NOT NULL,
  `logo` varchar(100) NOT NULL,
  `business_name` varchar(100) NOT NULL,
  `business_city` varchar(45) NOT NULL,
  `business_pin` int(100) NOT NULL,
  `business_address` text NOT NULL,
  `business_caption` text NOT NULL,
  `created_by` varchar(11) NOT NULL DEFAULT 'SELF',
  `created_at` datetime NOT NULL DEFAULT current_timestamp(),
  `is_active` int(2) NOT NULL DEFAULT 0,
  `active_otp` int(10) NOT NULL,
  `is_available` int(2) NOT NULL DEFAULT 1,
  `wallet_balance` double NOT NULL DEFAULT 0,
  `is_deleted` int(2) NOT NULL DEFAULT 0,
  `mon_bf` int(11) NOT NULL DEFAULT 0,
  `tue_bf` int(11) NOT NULL DEFAULT 0,
  `wed_bf` int(11) NOT NULL DEFAULT 0,
  `thu_bf` int(11) NOT NULL DEFAULT 0,
  `fri_bf` int(11) NOT NULL DEFAULT 0,
  `sat_bf` int(11) NOT NULL DEFAULT 0,
  `sun_bf` int(11) NOT NULL DEFAULT 0,
  `mon_lun` int(11) NOT NULL DEFAULT 0,
  `tue_lun` int(11) NOT NULL DEFAULT 0,
  `wed_lun` int(11) NOT NULL DEFAULT 0,
  `thu_lun` int(11) NOT NULL DEFAULT 0,
  `fri_lun` int(11) NOT NULL DEFAULT 0,
  `sat_lun` int(11) NOT NULL DEFAULT 0,
  `sun_lun` int(11) NOT NULL DEFAULT 0,
  `mon_din` int(11) NOT NULL DEFAULT 0,
  `tue_din` int(11) NOT NULL DEFAULT 0,
  `wed_din` int(11) NOT NULL DEFAULT 0,
  `thu_din` int(11) NOT NULL DEFAULT 0,
  `fri_din` int(11) NOT NULL DEFAULT 0,
  `sat_din` int(11) NOT NULL DEFAULT 0,
  `sun_din` int(11) NOT NULL DEFAULT 0,
  `bf_list` int(2) NOT NULL DEFAULT 1,
  `lun_list` int(2) NOT NULL DEFAULT 1,
  `din_list` int(2) NOT NULL DEFAULT 1
) ENGINE=InnoDB DEFAULT CHARSET=utf8mb4;

--
-- Dumping data for table `vendors`
--

INSERT INTO `vendors` (`id`, `fullname`, `email`, `phone`, `password`, `lat`, `lng`, `logo`, `business_name`, `business_city`, `business_pin`, `business_address`, `business_caption`, `created_by`, `created_at`, `is_active`, `active_otp`, `is_available`, `wallet_balance`, `is_deleted`, `mon_bf`, `tue_bf`, `wed_bf`, `thu_bf`, `fri_bf`, `sat_bf`, `sun_bf`, `mon_lun`, `tue_lun`, `wed_lun`, `thu_lun`, `fri_lun`, `sat_lun`, `sun_lun`, `mon_din`, `tue_din`, `wed_din`, `thu_din`, `fri_din`, `sat_din`, `sun_din`, `bf_list`, `lun_list`, `din_list`) VALUES
(2, 'Amresh Kumar', 'amresh@vendor.com', '9093924534', '8dd43ae0638e1ce2690e2e3cfa653923', '20.947056772236582', '85.09466121901858', '76685a0af5c412ddea64a65e1de7454a1074ebd3.png', 'Swapna Infotech', 'Bhubaneswar', 751013, 'Jaydev vihar', 'Hack The planet', 'ADMIN', '2021-08-08 11:23:30', 1, 1234, 1, 0, 1, 15, 17, 19, 21, 22, 17, 22, 32, 30, 29, 23, 23, 28, 30, 11, 13, 14, 14, 12, 33, 8, 1, 1, 1),
(3, 'Satyajit Mohanty', 'infocronix07@gmail.com', '8249529220', '0e7517141fb53f21ee439b355b5a1d0a', '22.634815500000002', '88.45456942380369', '55a2410325c2b79526f59004e4e0cb85c82eb8cd.jpg', 'The New Age Kitchen', 'Bhubaneswar', 132232, 'KalingaVihar,  Bhubaneswar,Odisha\r\nBalasore,Odisha,India', 'fddsfsdsfds sdfsdf sdfdsfdsfsdf dafsfsd', 'ADMIN', '2021-08-14 07:51:09', 1, 1234, 0, 0, 0, 0, 0, 0, 0, 0, 0, 0, 0, 0, 0, 0, 0, 0, 0, 0, 0, 0, 0, 0, 0, 0, 1, 1, 1),
(4, 'Satyajit Mohanty', 'satyasweb1999@gmail.com', '8249529220', '8dd43ae0638e1ce2690e2e3cfa653923', '20.2930412', '85.8178939', 'ff392e4f75829de989ad69f6450374795c21003b.png', 'Wah Meal 101', 'Khordha', 756001, 'Near ITER Lane 3', 'We Deliver Excellence', 'ADMIN', '2021-09-15 16:32:47', 1, 1234, 1, 0, 0, 38, 38, 38, 38, 38, 38, 38, 35, 35, 35, 35, 35, 35, 35, 36, 36, 36, 36, 36, 36, 36, 0, 1, 0),
(5, 'Kitchen Owner', 'exkitchen@gmail.com', '7878898900', '8dd43ae0638e1ce2690e2e3cfa653923', '20.2930412', '85.8178939', 'c1d0bde78318199b3a10b411d00438eb16a7eee8.png', 'Ex Kitchen', 'Bhubaneswar', 751021, 'qwerty', 'Kitchen Happy Food', 'ADMIN', '2021-10-01 05:12:06', 1, 1234, 1, 0, 0, 37, 37, 37, 37, 37, 37, 37, 39, 39, 39, 39, 39, 39, 39, 40, 40, 40, 40, 40, 40, 40, 1, 1, 1),
(6, 'suryakanta sahoo', 'sardaji@gmail.com', '7205501407', 'f1587c0ed8c324a24c108192c84111cc', '20.356564994028304', '85.8084397406006', '8d9d535661861290da86249c99af5cd19ce0ce8a.jpg', 'jolys kitchen', 'Bhubaneswar', 751024, 'kanan vihar ', 'fill the taste', 'ADMIN', '2022-04-02 04:53:19', 1, 1234, 1, 0, 0, 0, 0, 0, 0, 0, 0, 0, 0, 0, 0, 0, 0, 0, 0, 0, 0, 0, 0, 0, 0, 0, 1, 1, 1),
(7, 'kk sahoo', 'kksahoo.02@gmail.com', '9090050166', '597e36f6c39e308fdea02e9f0102c0f3', '20.348558', '85.827065', '0b3f3fd3b20bdbead04ebd1590fb71fb8708d4e4.jpg', 'kaibita kitchen', 'Jatani', 751024, 'patia bbsr', 'jai hind', 'ADMIN', '2022-04-12 18:21:36', 1, 1234, 1, 0, 0, 50, 50, 49, 50, 49, 50, 49, 47, 48, 47, 48, 47, 48, 47, 51, 52, 51, 52, 51, 51, 52, 1, 1, 1);

-- --------------------------------------------------------

--
-- Table structure for table `vendor_schedule`
--

CREATE TABLE `vendor_schedule` (
  `id` int(100) NOT NULL,
  `vendor_id` int(100) NOT NULL,
  `week_day` int(10) NOT NULL,
  `food_day_type` int(10) NOT NULL,
  `food_id` int(100) NOT NULL,
  `food_type` int(2) NOT NULL,
  `is_enabled` int(2) NOT NULL DEFAULT 0,
  `modified_at` datetime NOT NULL DEFAULT current_timestamp() ON UPDATE current_timestamp(),
  `modified_by` varchar(100) NOT NULL
) ENGINE=InnoDB DEFAULT CHARSET=utf8mb4;

--
-- Dumping data for table `vendor_schedule`
--

INSERT INTO `vendor_schedule` (`id`, `vendor_id`, `week_day`, `food_day_type`, `food_id`, `food_type`, `is_enabled`, `modified_at`, `modified_by`) VALUES
(22, 2, 1, 1, 0, 0, 0, '2021-08-08 11:23:30', ''),
(23, 2, 2, 1, 0, 0, 0, '2021-08-08 11:23:30', ''),
(24, 2, 3, 1, 0, 0, 0, '2021-08-08 11:23:30', ''),
(25, 2, 4, 1, 0, 0, 0, '2021-08-08 11:23:30', ''),
(26, 2, 5, 1, 0, 0, 0, '2021-08-08 11:23:30', ''),
(27, 2, 6, 1, 0, 0, 0, '2021-08-08 11:23:30', ''),
(28, 2, 7, 1, 0, 0, 0, '2021-08-08 11:23:31', ''),
(29, 2, 1, 2, 0, 0, 0, '2021-08-08 11:23:31', ''),
(30, 2, 2, 2, 0, 0, 0, '2021-08-08 11:23:31', ''),
(31, 2, 3, 2, 0, 0, 0, '2021-08-08 11:23:31', ''),
(32, 2, 4, 2, 0, 0, 0, '2021-08-08 11:23:31', ''),
(33, 2, 5, 2, 0, 0, 0, '2021-08-08 11:23:31', ''),
(34, 2, 6, 2, 0, 0, 0, '2021-08-08 11:23:31', ''),
(35, 2, 7, 2, 0, 0, 0, '2021-08-08 11:23:31', ''),
(36, 2, 1, 3, 0, 0, 0, '2021-08-08 11:23:31', ''),
(37, 2, 2, 3, 0, 0, 0, '2021-08-08 11:23:31', ''),
(38, 2, 3, 3, 0, 0, 0, '2021-08-08 11:23:31', ''),
(39, 2, 4, 3, 0, 0, 0, '2021-08-08 11:23:31', ''),
(40, 2, 5, 3, 0, 0, 0, '2021-08-08 11:23:31', ''),
(41, 2, 6, 3, 0, 0, 0, '2021-08-08 11:23:31', ''),
(42, 2, 7, 3, 0, 0, 0, '2021-08-08 11:23:31', '');

-- --------------------------------------------------------

--
-- Table structure for table `vendor_unavailable_request`
--

CREATE TABLE `vendor_unavailable_request` (
  `id` int(100) NOT NULL,
  `vendor_id` int(100) NOT NULL,
  `requested_at` datetime NOT NULL DEFAULT current_timestamp(),
  `status` int(2) NOT NULL DEFAULT 0,
  `modified_at` datetime NOT NULL DEFAULT current_timestamp()
) ENGINE=InnoDB DEFAULT CHARSET=utf8;

--
-- Dumping data for table `vendor_unavailable_request`
--

INSERT INTO `vendor_unavailable_request` (`id`, `vendor_id`, `requested_at`, `status`, `modified_at`) VALUES
(1, 4, '2022-03-15 10:05:50', 1, '2022-03-15 10:05:50'),
(2, 4, '2022-03-29 20:03:15', 1, '2022-03-29 20:03:15'),
(3, 4, '2022-05-18 18:36:46', 1, '2022-05-18 18:36:46');

--
-- Indexes for dumped tables
--

--
-- Indexes for table `admin`
--
ALTER TABLE `admin`
  ADD PRIMARY KEY (`id`);

--
-- Indexes for table `customers`
--
ALTER TABLE `customers`
  ADD PRIMARY KEY (`id`);

--
-- Indexes for table `food_images`
--
ALTER TABLE `food_images`
  ADD PRIMARY KEY (`id`);

--
-- Indexes for table `food_items`
--
ALTER TABLE `food_items`
  ADD PRIMARY KEY (`id`);

--
-- Indexes for table `food_processing_status`
--
ALTER TABLE `food_processing_status`
  ADD PRIMARY KEY (`id`);

--
-- Indexes for table `messages`
--
ALTER TABLE `messages`
  ADD PRIMARY KEY (`id`);

--
-- Indexes for table `order_subscription`
--
ALTER TABLE `order_subscription`
  ADD PRIMARY KEY (`id`);

--
-- Indexes for table `package_duration`
--
ALTER TABLE `package_duration`
  ADD PRIMARY KEY (`id`);

--
-- Indexes for table `password_reset_temp`
--
ALTER TABLE `password_reset_temp`
  ADD PRIMARY KEY (`id`);

--
-- Indexes for table `settings`
--
ALTER TABLE `settings`
  ADD PRIMARY KEY (`id`);

--
-- Indexes for table `vendors`
--
ALTER TABLE `vendors`
  ADD PRIMARY KEY (`id`);

--
-- Indexes for table `vendor_schedule`
--
ALTER TABLE `vendor_schedule`
  ADD PRIMARY KEY (`id`);

--
-- Indexes for table `vendor_unavailable_request`
--
ALTER TABLE `vendor_unavailable_request`
  ADD PRIMARY KEY (`id`);

--
-- AUTO_INCREMENT for dumped tables
--

--
-- AUTO_INCREMENT for table `admin`
--
ALTER TABLE `admin`
  MODIFY `id` int(100) NOT NULL AUTO_INCREMENT, AUTO_INCREMENT=2;

--
-- AUTO_INCREMENT for table `customers`
--
ALTER TABLE `customers`
  MODIFY `id` int(11) NOT NULL AUTO_INCREMENT, AUTO_INCREMENT=30;

--
-- AUTO_INCREMENT for table `food_images`
--
ALTER TABLE `food_images`
  MODIFY `id` int(100) NOT NULL AUTO_INCREMENT, AUTO_INCREMENT=58;

--
-- AUTO_INCREMENT for table `food_items`
--
ALTER TABLE `food_items`
  MODIFY `id` int(100) NOT NULL AUTO_INCREMENT, AUTO_INCREMENT=53;

--
-- AUTO_INCREMENT for table `food_processing_status`
--
ALTER TABLE `food_processing_status`
  MODIFY `id` int(255) NOT NULL AUTO_INCREMENT, AUTO_INCREMENT=398;

--
-- AUTO_INCREMENT for table `messages`
--
ALTER TABLE `messages`
  MODIFY `id` int(100) NOT NULL AUTO_INCREMENT, AUTO_INCREMENT=4;

--
-- AUTO_INCREMENT for table `order_subscription`
--
ALTER TABLE `order_subscription`
  MODIFY `id` int(255) NOT NULL AUTO_INCREMENT, AUTO_INCREMENT=53;

--
-- AUTO_INCREMENT for table `package_duration`
--
ALTER TABLE `package_duration`
  MODIFY `id` int(11) NOT NULL AUTO_INCREMENT, AUTO_INCREMENT=2;

--
-- AUTO_INCREMENT for table `password_reset_temp`
--
ALTER TABLE `password_reset_temp`
  MODIFY `id` int(100) NOT NULL AUTO_INCREMENT, AUTO_INCREMENT=17;

--
-- AUTO_INCREMENT for table `settings`
--
ALTER TABLE `settings`
  MODIFY `id` int(100) NOT NULL AUTO_INCREMENT, AUTO_INCREMENT=9;

--
-- AUTO_INCREMENT for table `vendors`
--
ALTER TABLE `vendors`
  MODIFY `id` int(11) NOT NULL AUTO_INCREMENT, AUTO_INCREMENT=8;

--
-- AUTO_INCREMENT for table `vendor_schedule`
--
ALTER TABLE `vendor_schedule`
  MODIFY `id` int(100) NOT NULL AUTO_INCREMENT, AUTO_INCREMENT=43;

--
-- AUTO_INCREMENT for table `vendor_unavailable_request`
--
ALTER TABLE `vendor_unavailable_request`
  MODIFY `id` int(100) NOT NULL AUTO_INCREMENT, AUTO_INCREMENT=4;
COMMIT;

/*!40101 SET CHARACTER_SET_CLIENT=@OLD_CHARACTER_SET_CLIENT */;
/*!40101 SET CHARACTER_SET_RESULTS=@OLD_CHARACTER_SET_RESULTS */;
/*!40101 SET COLLATION_CONNECTION=@OLD_COLLATION_CONNECTION */;
